title,track_id,spotify_url,status
The Fate of Ophelia,53iuhJlwXhSER5J2IYYv1W,https://open.spotify.com/track/53iuhJlwXhSER5J2IYYv1W,error
Opalite,3yWuTOYDztXjZxdE2cIRUa,https://open.spotify.com/track/3yWuTOYDztXjZxdE2cIRUa,error
Style,0ug5NqcwcFR2xrfTkc7k8e,https://open.spotify.com/track/0ug5NqcwcFR2xrfTkc7k8e,error
Cruel Summer,1BxfuPKGuaTgP7aM0Bbdwr,https://open.spotify.com/track/1BxfuPKGuaTgP7aM0Bbdwr,error
Blank Space,1u8c2t2Cy7UBoG4ArRcF5g,https://open.spotify.com/track/1u8c2t2Cy7UBoG4ArRcF5g,error
Shake It Off,0cqRj7pUJDkTCEsJkx8snD,https://open.spotify.com/track/0cqRj7pUJDkTCEsJkx8snD,error
cardigan,4R2kfaDFhslZEMJqAFNpdd,https://open.spotify.com/track/4R2kfaDFhslZEMJqAFNpdd,error
august,3hUxzQpSfdDqwM3ZTFQY0K,https://open.spotify.com/track/3hUxzQpSfdDqwM3ZTFQY0K,error
Lover,1dGr1c8CrMLDpV6mPbImSI,https://open.spotify.com/track/1dGr1c8CrMLDpV6mPbImSI,error
Fortnight (feat. Post Malone),2OzhQlSqBEmt7hmkYxfT6m,https://open.spotify.com/track/2OzhQlSqBEmt7hmkYxfT6m,error
I Don't Wanna Live Forever (Fifty Shades Darker),2y5aJvzXhHPA94U5GFAcXe,https://open.spotify.com/track/2y5aJvzXhHPA94U5GFAcXe,error
I Don't Wanna Live Forever (Fifty Shades Darker),55n9yjI6qqXh5F2mYvUc2y,https://open.spotify.com/track/55n9yjI6qqXh5F2mYvUc2y,error
All Too Well (10 Minute Version) (Taylor's Version) (From The Vault),5enxwA8aAbwZbf5qCHORXi,https://open.spotify.com/track/5enxwA8aAbwZbf5qCHORXi,error
Elizabeth Taylor,3AKV7Mvo2Mx4tb39iPvPlT,https://open.spotify.com/track/3AKV7Mvo2Mx4tb39iPvPlT,error
I Knew You Were Trouble.,72jCZdH0Lhg93z6Z4hBjgj,https://open.spotify.com/track/72jCZdH0Lhg93z6Z4hBjgj,error
Love Story (Taylor's Version),6YvqWjhGD8mB5QXcbcUKtx,https://open.spotify.com/track/6YvqWjhGD8mB5QXcbcUKtx,error
You Belong With Me (Taylor's Version),1qrpoAMXodY6895hGKoUpA,https://open.spotify.com/track/1qrpoAMXodY6895hGKoUpA,error
Don't Blame Me,1R0a2iXumgCiFb7HEZ7gUE,https://open.spotify.com/track/1R0a2iXumgCiFb7HEZ7gUE,error
Wildest Dreams,4A4A6dwl5DqdqrZaEtKGPR,https://open.spotify.com/track/4A4A6dwl5DqdqrZaEtKGPR,error
You Belong With Me,7G6TDmGJXDoBaV6NGj3Yic,https://open.spotify.com/track/7G6TDmGJXDoBaV6NGj3Yic,error
Dress,6oVxXO5oQ4pTpO8RSnkzvv,https://open.spotify.com/track/6oVxXO5oQ4pTpO8RSnkzvv,error
Guilty as Sin?,0W0iAC1VGlB82PI6elxFYf,https://open.spotify.com/track/0W0iAC1VGlB82PI6elxFYf,error
exile (feat. Bon Iver),4pvb0WLRcMtbPGmtejJJ6y,https://open.spotify.com/track/4pvb0WLRcMtbPGmtejJJ6y,error
Love Story,5xPsybHWRHbTYO44xnREY5,https://open.spotify.com/track/5xPsybHWRHbTYO44xnREY5,error
Delicate,6NFyWDv5CjfwuzoCkw47Xf,https://open.spotify.com/track/6NFyWDv5CjfwuzoCkw47Xf,error
Anti-Hero,0V3wPSX9ygBnCm8psDIegu,https://open.spotify.com/track/0V3wPSX9ygBnCm8psDIegu,error
Daylight,1fzAuUVbzlhZ1lJAx9PtY6,https://open.spotify.com/track/1fzAuUVbzlhZ1lJAx9PtY6,error
my tears ricochet,1MgV7FIyNxIG7WzMRJV5HC,https://open.spotify.com/track/1MgV7FIyNxIG7WzMRJV5HC,error
my tears ricochet,0Oju1YcbPCJuUQQWoZNdJK,https://open.spotify.com/track/0Oju1YcbPCJuUQQWoZNdJK,error
I Can Do It With a Broken Heart,4dgf2DYVJbtmy8zAYLs4c7,https://open.spotify.com/track/4dgf2DYVJbtmy8zAYLs4c7,error
The Life of a Showgirl (feat. Sabrina Carpenter),5eXgqtg3T8Av0m1FUaGHex,https://open.spotify.com/track/5eXgqtg3T8Av0m1FUaGHex,error
Wi$h Li$t,2TEQvxxQabwLQMqWMg1qGu,https://open.spotify.com/track/2TEQvxxQabwLQMqWMg1qGu,error
Father Figure,03bTIHJElXZ0O0jqOQvAbY,https://open.spotify.com/track/03bTIHJElXZ0O0jqOQvAbY,error
Ruin The Friendship,62V2ZHslgQV98gH4AuVXnr,https://open.spotify.com/track/62V2ZHslgQV98gH4AuVXnr,error
...Ready For It?,2yLa0QULdQr0qAIvVwN6B5,https://open.spotify.com/track/2yLa0QULdQr0qAIvVwN6B5,error
Enchanted,04S1pkp1VaIqjg8zZqknR5,https://open.spotify.com/track/04S1pkp1VaIqjg8zZqknR5,error
loml,3YkNIrAvbKNrrwwEd7NVLl,https://open.spotify.com/track/3YkNIrAvbKNrrwwEd7NVLl,error
"You're On Your Own, Kid",4D7BCuvgdJlYvlX5WlN54t,https://open.spotify.com/track/4D7BCuvgdJlYvlX5WlN54t,error
So High School,1J1ldDi3rMQlRi49gaba0a,https://open.spotify.com/track/1J1ldDi3rMQlRi49gaba0a,error
Getaway Car,0VE4kBnHJUgtMf0dy6DRmW,https://open.spotify.com/track/0VE4kBnHJUgtMf0dy6DRmW,error
Look What You Made Me Do,1P17dC1amhFzptugyAO7Il,https://open.spotify.com/track/1P17dC1amhFzptugyAO7Il,error
The Man,3RauEVgRgj1IuWdJ9fDs70,https://open.spotify.com/track/3RauEVgRgj1IuWdJ9fDs70,error
Wildest Dreams (Taylor's Version),1K39ty6o1sHwwlZwO6a7wK,https://open.spotify.com/track/1K39ty6o1sHwwlZwO6a7wK,error
Enchanted (Taylor's Version),3sW3oSbzsfecv9XoUdGs7h,https://open.spotify.com/track/3sW3oSbzsfecv9XoUdGs7h,error
the 1,0Jlcvv8IykzHaSmj49uNW8,https://open.spotify.com/track/0Jlcvv8IykzHaSmj49uNW8,error
the 1,0P9wLFurlgumLXuqFEpw52,https://open.spotify.com/track/0P9wLFurlgumLXuqFEpw52,error
Actually Romantic,2x3mwb96B6TquRqMtbxUE1,https://open.spotify.com/track/2x3mwb96B6TquRqMtbxUE1,error
Bad Blood,2NlmmAjGYrrjAp0MED5rGx,https://open.spotify.com/track/2NlmmAjGYrrjAp0MED5rGx,error
Wood,5ylJtmaWPJ33cW3En7WOu0,https://open.spotify.com/track/5ylJtmaWPJ33cW3En7WOu0,error
CANCELLED!,1appZ3c336FkPvCuywfmrs,https://open.spotify.com/track/1appZ3c336FkPvCuywfmrs,error
Honey,4qmFC3Jz5aQ0erlk2OSi2X,https://open.spotify.com/track/4qmFC3Jz5aQ0erlk2OSi2X,error
Down Bad,2F3N9tdombb64aW6VtZOdo,https://open.spotify.com/track/2F3N9tdombb64aW6VtZOdo,error
willow,0lx2cLdOt3piJbcaXIV74f,https://open.spotify.com/track/0lx2cLdOt3piJbcaXIV74f,error
Karma,45R112Jz5hQeKgITXgSXzs,https://open.spotify.com/track/45R112Jz5hQeKgITXgSXzs,error
The Way I Loved You (Taylor's Version),22bPsP2jCgbLUvh82U0Z3M,https://open.spotify.com/track/22bPsP2jCgbLUvh82U0Z3M,error
Paper Rings,4y5bvROuBDPr5fuwXbIBZR,https://open.spotify.com/track/4y5bvROuBDPr5fuwXbIBZR,error
Call It What You Want,1GwMQaZz6Au3QLDbjbMdme,https://open.spotify.com/track/1GwMQaZz6Au3QLDbjbMdme,error
this is me trying,7kt9e9LFSpN1zQtYEl19o1,https://open.spotify.com/track/7kt9e9LFSpN1zQtYEl19o1,error
Midnight Rain,3rWDp9tBPQR9z6U5YyRSK4,https://open.spotify.com/track/3rWDp9tBPQR9z6U5YyRSK4,error
illicit affairs,2NmsngXHeC1GQ9wWrzhOMf,https://open.spotify.com/track/2NmsngXHeC1GQ9wWrzhOMf,error
Style (Taylor's Version),1hjRhYpWyqDpPahmSlUTlc,https://open.spotify.com/track/1hjRhYpWyqDpPahmSlUTlc,error
Eldest Daughter,62HoDY1Km6lm47haFpUn9c,https://open.spotify.com/track/62HoDY1Km6lm47haFpUn9c,error
We Are Never Ever Getting Back Together,7AEAGTc8cReDqcbPoY9gwo,https://open.spotify.com/track/7AEAGTc8cReDqcbPoY9gwo,error
Who's Afraid of Little Old Me?,6kl8thRysTeVV3WvKxgZAy,https://open.spotify.com/track/6kl8thRysTeVV3WvKxgZAy,error
right where you left me - bonus track,3zwMVvkBe2qIKDObWgXw4N,https://open.spotify.com/track/3zwMVvkBe2qIKDObWgXw4N,error
champagne problems,0sY6ZUTh4yoctD8VIXz339,https://open.spotify.com/track/0sY6ZUTh4yoctD8VIXz339,error
You Need To Calm Down,6RRNNciQGZEXnqk8SQ9yv5,https://open.spotify.com/track/6RRNNciQGZEXnqk8SQ9yv5,error
My Boy Only Breaks His Favorite Toys,2XXwLdtuAcE0HSCu61ijAb,https://open.spotify.com/track/2XXwLdtuAcE0HSCu61ijAb,error
invisible string,6VsvKPJ4xjVNKpI8VVZ3SV,https://open.spotify.com/track/6VsvKPJ4xjVNKpI8VVZ3SV,error
mirrorball,0ZNU020wNYvgW84iljPkPP,https://open.spotify.com/track/0ZNU020wNYvgW84iljPkPP,error
mirrorball,5jQyGzcwqAxwT5QUIMivoX,https://open.spotify.com/track/5jQyGzcwqAxwT5QUIMivoX,error
Out Of The Woods (Taylor's Version),045ZeOHPIzhxxsm8bq5kyE,https://open.spotify.com/track/045ZeOHPIzhxxsm8bq5kyE,error
The Archer,3pHkh7d0lzM2AldUtz2x37,https://open.spotify.com/track/3pHkh7d0lzM2AldUtz2x37,error
"So Long, London",3Vevii7qKqrmW8CcyzBHDl,https://open.spotify.com/track/3Vevii7qKqrmW8CcyzBHDl,error
The Prophecy,18WFFUIsewmA8g31KAeo3e,https://open.spotify.com/track/18WFFUIsewmA8g31KAeo3e,error
All Too Well (Taylor's Version),3nsfB1vus2qaloUdcBZvDu,https://open.spotify.com/track/3nsfB1vus2qaloUdcBZvDu,error
"""Slut!"" (Taylor's Version) (From The Vault)",0CD7DzeCsuPJygddqlUVYa,https://open.spotify.com/track/0CD7DzeCsuPJygddqlUVYa,error
Red (Taylor's Version),4OAuvHryIVv4kMDNSLuPt6,https://open.spotify.com/track/4OAuvHryIVv4kMDNSLuPt6,error
The Smallest Man Who Ever Lived,4GBbcyrbDzwRtQjrsDRywK,https://open.spotify.com/track/4GBbcyrbDzwRtQjrsDRywK,error
You're Losing Me (From The Vault),3CWq0pAKKTWb0K4yiglDc4,https://open.spotify.com/track/3CWq0pAKKTWb0K4yiglDc4,error
Cornelia Street,12M5uqx0ZuwkpLp5rJim1a,https://open.spotify.com/track/12M5uqx0ZuwkpLp5rJim1a,error
But Daddy I Love Him,5og4Qzt92jJzVDkOtSEilb,https://open.spotify.com/track/5og4Qzt92jJzVDkOtSEilb,error
Miss Americana & The Heartbreak Prince,214nt20w5wOxJnY462klLw,https://open.spotify.com/track/214nt20w5wOxJnY462klLw,error
Maroon,3eX0NZfLtGzoLUxPNvRfqm,https://open.spotify.com/track/3eX0NZfLtGzoLUxPNvRfqm,error
Fearless (Taylor's Version),77sMIMlNaSURUAXq5coCxE,https://open.spotify.com/track/77sMIMlNaSURUAXq5coCxE,error
imgonnagetyouback,1kcwpPDQnqEqmezzXdJTCP,https://open.spotify.com/track/1kcwpPDQnqEqmezzXdJTCP,error
Florida!!! (feat. Florence + The Machine),3ZVFcD8Wlw9T9klGqmJf9F,https://open.spotify.com/track/3ZVFcD8Wlw9T9klGqmJf9F,error
Bejeweled,3qoftcUZaUOncvIYjFSPdE,https://open.spotify.com/track/3qoftcUZaUOncvIYjFSPdE,error
Labyrinth,4bBDkw2KBMX0tcgAaXC83Q,https://open.spotify.com/track/4bBDkw2KBMX0tcgAaXC83Q,error
The Alchemy,1tuNqJOtRQVHvONR8Lg3MZ,https://open.spotify.com/track/1tuNqJOtRQVHvONR8Lg3MZ,error
The Tortured Poets Department,3NMrVbIVWT3fPXBj0rNDKG,https://open.spotify.com/track/3NMrVbIVWT3fPXBj0rNDKG,error
Lavender Haze,5jQI2r1RdgtuT8S3iG8zFC,https://open.spotify.com/track/5jQI2r1RdgtuT8S3iG8zFC,error
Gorgeous,1ZY1PqizIl78geGM4xWlEA,https://open.spotify.com/track/1ZY1PqizIl78geGM4xWlEA,error
Fresh Out The Slammer,3fO566xJgwxIa3qGCGBvIC,https://open.spotify.com/track/3fO566xJgwxIa3qGCGBvIC,error
Is It Over Now? (Taylor's Version) (From The Vault),6IG3sQ8s9nfk6TUlVzRhbN,https://open.spotify.com/track/6IG3sQ8s9nfk6TUlVzRhbN,error
End Game,2x0WlnmfG39ZuDmstl9xfX,https://open.spotify.com/track/2x0WlnmfG39ZuDmstl9xfX,error
I Did Something Bad,4svZDCRz4cJoneBpjpx8DJ,https://open.spotify.com/track/4svZDCRz4cJoneBpjpx8DJ,error
False God,5hQSXkFgbxjZo9uCwd11so,https://open.spotify.com/track/5hQSXkFgbxjZo9uCwd11so,error
us. (feat. Taylor Swift),0hhzNPE68LWLfgZwdpxVdR,https://open.spotify.com/track/0hhzNPE68LWLfgZwdpxVdR,error
Blank Space (Taylor's Version),45wMBGri1PORPjM9PwFfrS,https://open.spotify.com/track/45wMBGri1PORPjM9PwFfrS,error
Back To December,5l6GqSxplqnZbLg0LTPQeG,https://open.spotify.com/track/5l6GqSxplqnZbLg0LTPQeG,error
ME! (feat. Brendon Urie of Panic! At The Disco),2Rk4JlNc2TPmZe2af99d45,https://open.spotify.com/track/2Rk4JlNc2TPmZe2af99d45,error
This Love (Taylor's Version),4WBEj8TeGtRPNJdOmT3WJW,https://open.spotify.com/track/4WBEj8TeGtRPNJdOmT3WJW,error
Afterglow,1SymEzIT3H8UZfibCs3TYi,https://open.spotify.com/track/1SymEzIT3H8UZfibCs3TYi,error
We Are Never Ever Getting Back Together (Taylor's Version),5YqltLsjdqFtvqE7Nrysvs,https://open.spotify.com/track/5YqltLsjdqFtvqE7Nrysvs,error
Our Song,15DeqWWQB4dcEWzJg15VrN,https://open.spotify.com/track/15DeqWWQB4dcEWzJg15VrN,error
Mr. Perfectly Fine (Taylor's Version) (From The Vault),2CYVETnhM9aytqrazYYwrK,https://open.spotify.com/track/2CYVETnhM9aytqrazYYwrK,error
Now That We Don't Talk (Taylor's Version) (From The Vault),5QUIK7ZtziW8kGWo8RqopF,https://open.spotify.com/track/5QUIK7ZtziW8kGWo8RqopF,error
Message In A Bottle (Taylor's Version) (From The Vault),3z6XUommYDWPHeFhmhhT6j,https://open.spotify.com/track/3z6XUommYDWPHeFhmhhT6j,error
London Boy,1LLXZFeAHK9R4xUramtUKw,https://open.spotify.com/track/1LLXZFeAHK9R4xUramtUKw,error
tolerate it,0PurA4JVJ8YQgSVopY8fn6,https://open.spotify.com/track/0PurA4JVJ8YQgSVopY8fn6,error
Better Man (Taylor's Version) (From The Vault),4OmFmE0fzcMG6g0Y8p4eSD,https://open.spotify.com/track/4OmFmE0fzcMG6g0Y8p4eSD,error
22,2ULNeSomDxVNmdDy8VxEBU,https://open.spotify.com/track/2ULNeSomDxVNmdDy8VxEBU,error
The Black Dog,62E2nR0od0M5HYxuYLaDz7,https://open.spotify.com/track/62E2nR0od0M5HYxuYLaDz7,error
Snow On The Beach (feat. More Lana Del Rey),4zmKGsrXjLmljb5fTaBTot,https://open.spotify.com/track/4zmKGsrXjLmljb5fTaBTot,error
How Did It End?,5Bedn0svl0ZD7RGmJkmKKw,https://open.spotify.com/track/5Bedn0svl0ZD7RGmJkmKKw,error
Peter,3zMDGj4D8ogaYgAIZPeU7S,https://open.spotify.com/track/3zMDGj4D8ogaYgAIZPeU7S,error
Mastermind,1QQii3pa5m8MEda0nbkjfw,https://open.spotify.com/track/1QQii3pa5m8MEda0nbkjfw,error
the last great american dynasty,2Eeur20xVqfUoM3Q7EFPFt,https://open.spotify.com/track/2Eeur20xVqfUoM3Q7EFPFt,error
the last great american dynasty,4ojxSyrEraN7d46BMBPThZ,https://open.spotify.com/track/4ojxSyrEraN7d46BMBPThZ,error
Chloe or Sam or Sophia or Marcus,1rmEsOezwf2lmIZTMAO5Ag,https://open.spotify.com/track/1rmEsOezwf2lmIZTMAO5Ag,error
King Of My Heart,7HuBDWi18s4aJM8UFnNheH,https://open.spotify.com/track/7HuBDWi18s4aJM8UFnNheH,error
22 (Taylor's Version),3yII7UwgLF6K5zW3xad3MP,https://open.spotify.com/track/3yII7UwgLF6K5zW3xad3MP,error
Back To December (Taylor's Version),79uDOz0zuuWS7HWxzMmTa2,https://open.spotify.com/track/79uDOz0zuuWS7HWxzMmTa2,error
The Great War,2VuqMjgoKaOHNM8HpxtXKx,https://open.spotify.com/track/2VuqMjgoKaOHNM8HpxtXKx,error
Renegade,73W5aXorr5vxrySFcoZqIN,https://open.spotify.com/track/73W5aXorr5vxrySFcoZqIN,error
The Bolter,2913xXOVAIDAqxzV2g4VcU,https://open.spotify.com/track/2913xXOVAIDAqxzV2g4VcU,error
I Knew You Were Trouble (Taylor's Version),6AtZLIzUINvExIUy4QhdjP,https://open.spotify.com/track/6AtZLIzUINvExIUy4QhdjP,error
seven,6KJqZcs9XDgVck7Lg9QOTC,https://open.spotify.com/track/6KJqZcs9XDgVck7Lg9QOTC,error
seven,2vJ7QvyCiR4DaHxwO58izA,https://open.spotify.com/track/2vJ7QvyCiR4DaHxwO58izA,error
Everything Has Changed (feat. Ed Sheeran) (Taylor's Version),7qEUFOVcxRI19tbT68JcYK,https://open.spotify.com/track/7qEUFOVcxRI19tbT68JcYK,error
Hits Different,3xYJScVfxByb61dYHTwiby,https://open.spotify.com/track/3xYJScVfxByb61dYHTwiby,error
Better Than Revenge,1By2VQkUN0Frd8mKNV5NYC,https://open.spotify.com/track/1By2VQkUN0Frd8mKNV5NYC,error
Death By A Thousand Cuts,2dgFqt3w9xIQRjhPtwNk3D,https://open.spotify.com/track/2dgFqt3w9xIQRjhPtwNk3D,error
All Of The Girls You Loved Before,4P9Q0GojKVXpRTJCaL3kyy,https://open.spotify.com/track/4P9Q0GojKVXpRTJCaL3kyy,error
All Of The Girls You Loved Before,17yraMKqmZIKAv3iaGcoLX,https://open.spotify.com/track/17yraMKqmZIKAv3iaGcoLX,error
I Hate It Here,3hlGuz3loYoLfI3bpwieWq,https://open.spotify.com/track/3hlGuz3loYoLfI3bpwieWq,error
"Would've, Could've, Should've",4txojlesMFQZGWxwz2EeqB,https://open.spotify.com/track/4txojlesMFQZGWxwz2EeqB,error
Shake It Off (Taylor's Version),3pv7Q5v2dpdefwdWIvE7yH,https://open.spotify.com/track/3pv7Q5v2dpdefwdWIvE7yH,error
Sweet Nothing,2L09RYwH5Pjzca6PmbUAw3,https://open.spotify.com/track/2L09RYwH5Pjzca6PmbUAw3,error
Vigilante Shit,1xwAWUI6Dj0WGC3KiUPN0O,https://open.spotify.com/track/1xwAWUI6Dj0WGC3KiUPN0O,error
Mine (Taylor's Version),7G0gBu6nLdhFDPRLc0HdDG,https://open.spotify.com/track/7G0gBu6nLdhFDPRLc0HdDG,error
Snow On The Beach (feat. Lana Del Rey),1wtOxkiel43cVs0Yux5Q4h,https://open.spotify.com/track/1wtOxkiel43cVs0Yux5Q4h,error
The Fate of Ophelia - Loud Luxury Remix,6PlBKImSl4AZoxBU7F649D,https://open.spotify.com/track/6PlBKImSl4AZoxBU7F649D,error
Welcome To New York,3nRmDz7qGCvsMS30rGGY0x,https://open.spotify.com/track/3nRmDz7qGCvsMS30rGGY0x,error
marjorie,12ntTeqEeTg7GAVpe8Mhpl,https://open.spotify.com/track/12ntTeqEeTg7GAVpe8Mhpl,error
Nothing New (feat. Phoebe Bridgers) (Taylor's Version) (From The Vault),01K4zKU104LyJ8gMb7227B,https://open.spotify.com/track/01K4zKU104LyJ8gMb7227B,error
Long Live (Taylor's Version),4hqJ4bSlYJOXb6Z4SRmzxs,https://open.spotify.com/track/4hqJ4bSlYJOXb6Z4SRmzxs,error
Say Don't Go (Taylor's Version) (From The Vault),3CCRVu4F91Qp2mnGjmWBrf,https://open.spotify.com/track/3CCRVu4F91Qp2mnGjmWBrf,error
betty,5kI4eCXXzyuIUXjQra0Cxi,https://open.spotify.com/track/5kI4eCXXzyuIUXjQra0Cxi,error
Begin Again (Taylor's Version),05GsNucq8Bngd9fnd4fRa0,https://open.spotify.com/track/05GsNucq8Bngd9fnd4fRa0,error
evermore (feat. Bon Iver),3O5osWf1rSoKMwe6E9ZaXP,https://open.spotify.com/track/3O5osWf1rSoKMwe6E9ZaXP,error
You Are In Love (Taylor's Version),0TyGh27YQ5LknmiDhCzJiT,https://open.spotify.com/track/0TyGh27YQ5LknmiDhCzJiT,error
I Bet You Think About Me (feat. Chris Stapleton) (Taylor's Version) (From The Vault),4CkgMiMqZ5JzW9iYXSTMTL,https://open.spotify.com/track/4CkgMiMqZ5JzW9iYXSTMTL,error
Clean (Taylor's Version),0lKUBmEyQfzsQHozyeXzES,https://open.spotify.com/track/0lKUBmEyQfzsQHozyeXzES,error
I Forgot That You Existed,43rA71bccXFGD4C8GOpIlN,https://open.spotify.com/track/43rA71bccXFGD4C8GOpIlN,error
Dancing With Our Hands Tied,7I7JbDv63ZJJsSi24DyJrz,https://open.spotify.com/track/7I7JbDv63ZJJsSi24DyJrz,error
I Can See You (Taylor's Version) (From The Vault),5kHMfzgLZP95O9NBy0ku4v,https://open.spotify.com/track/5kHMfzgLZP95O9NBy0ku4v,error
I Can Fix Him (No Really I Can),5chnRTB9qMK3W1M41SnU9s,https://open.spotify.com/track/5chnRTB9qMK3W1M41SnU9s,error
Clara Bow,4d9PtIEVij9jW5OaLinH66,https://open.spotify.com/track/4d9PtIEVij9jW5OaLinH66,error
cowboy like me,1XjHRolIXL2M1EEOUsGGR4,https://open.spotify.com/track/1XjHRolIXL2M1EEOUsGGR4,error
New Romantics (Taylor's Version),5M787RexsAiVYjQusM98CV,https://open.spotify.com/track/5M787RexsAiVYjQusM98CV,error
dorothea,670fUmXf4KQekzbEgaXyPA,https://open.spotify.com/track/670fUmXf4KQekzbEgaXyPA,error
Out Of The Woods,0qUnBLZ8bJqUNEeQgayL9t,https://open.spotify.com/track/0qUnBLZ8bJqUNEeQgayL9t,error
I Think He Knows,2YWtcWi3a83pdEg3Gif4Pd,https://open.spotify.com/track/2YWtcWi3a83pdEg3Gif4Pd,error
New Year's Day,7F5oktn5YOsR9eR5YsFtqb,https://open.spotify.com/track/7F5oktn5YOsR9eR5YsFtqb,error
Last Kiss (Taylor's Version),59KOoHFcw5XfICnO57holu,https://open.spotify.com/track/59KOoHFcw5XfICnO57holu,error
Bigger Than The Whole Sky,71CBDRKmF2VeRKYMG1DFBh,https://open.spotify.com/track/71CBDRKmF2VeRKYMG1DFBh,error
New Romantics,6rZVy6FIG7lSJQMFXHo12z,https://open.spotify.com/track/6rZVy6FIG7lSJQMFXHo12z,error
ivy,19CSr8rwW05VJL2F91KFNK,https://open.spotify.com/track/19CSr8rwW05VJL2F91KFNK,error
gold rush,5BK0uqwY9DNfZ630STAEaq,https://open.spotify.com/track/5BK0uqwY9DNfZ630STAEaq,error
happiness,73YUReisjb3A9ActdLLjJQ,https://open.spotify.com/track/73YUReisjb3A9ActdLLjJQ,error
Question...?,0heeNYlwOGuUSe7TgUD27B,https://open.spotify.com/track/0heeNYlwOGuUSe7TgUD27B,error
peace,7MbT4I8qGntX4fMdqMQgke,https://open.spotify.com/track/7MbT4I8qGntX4fMdqMQgke,error
The Albatross,4EF6IyONolQy0bIQXm2EmX,https://open.spotify.com/track/4EF6IyONolQy0bIQXm2EmX,error
Everything Has Changed,7gdwoOmi258QJq0hmQ4hto,https://open.spotify.com/track/7gdwoOmi258QJq0hmQ4hto,error
Highway Don't Care,60hGQrn24APqEFSLObLeDc,https://open.spotify.com/track/60hGQrn24APqEFSLObLeDc,error
"no body, no crime (feat. HAIM)",3RaT22zZsxVYxxKR7TAaYF,https://open.spotify.com/track/3RaT22zZsxVYxxKR7TAaYF,error
hoax,6MWoRt97mnSTXZhu3ggi9C,https://open.spotify.com/track/6MWoRt97mnSTXZhu3ggi9C,error
Welcome To New York (Taylor's Version),1hR8BSuEqPCCZfv93zzzz9,https://open.spotify.com/track/1hR8BSuEqPCCZfv93zzzz9,error
Paris,5tWxKWq1DSP1s9WQ5PWuqu,https://open.spotify.com/track/5tWxKWq1DSP1s9WQ5PWuqu,error
I Look in People's Windows,1Zai5UJ2di3qEuR2HeT2s8,https://open.spotify.com/track/1Zai5UJ2di3qEuR2HeT2s8,error
White Horse (Taylor's Version),5YL553x8sHderRBDlm3NM3,https://open.spotify.com/track/5YL553x8sHderRBDlm3NM3,error
Come Back...Be Here (Taylor's Version),4pNApnaUWAL2J4KO2eqokq,https://open.spotify.com/track/4pNApnaUWAL2J4KO2eqokq,error
Bad Blood (feat. Kendrick Lamar),6xsEAm6w9oMQYYg3jkEkMT,https://open.spotify.com/track/6xsEAm6w9oMQYYg3jkEkMT,error
So It Goes...,5PxFv9yJEg9dxvbZggykro,https://open.spotify.com/track/5PxFv9yJEg9dxvbZggykro,error
thanK you aIMee,7ogK4lJDVDMU6A6vYR5rvD,https://open.spotify.com/track/7ogK4lJDVDMU6A6vYR5rvD,error
'tis the damn season,6sQckd3Z8NPxVVKUnavY1F,https://open.spotify.com/track/6sQckd3Z8NPxVVKUnavY1F,error
the lakes - bonus track,0eFQWVz0qIxDOvhLpZ40P7,https://open.spotify.com/track/0eFQWVz0qIxDOvhLpZ40P7,error
Picture To Burn,32mVHdy0bi1XKgr0ajsBlG,https://open.spotify.com/track/32mVHdy0bi1XKgr0ajsBlG,error
The Manuscript,1DTRUYVd8rYpla9hhVVwjo,https://open.spotify.com/track/1DTRUYVd8rYpla9hhVVwjo,error
long story short,2o2sgVJIgFXk8GQjWTgI6U,https://open.spotify.com/track/2o2sgVJIgFXk8GQjWTgI6U,error
mad woman,2QDyYdZyhlP2fp79KZX8Bi,https://open.spotify.com/track/2QDyYdZyhlP2fp79KZX8Bi,error
Mean,0KztjtD3ytzgYjUKIVfBnW,https://open.spotify.com/track/0KztjtD3ytzgYjUKIVfBnW,error
This Is Why We Can't Have Nice Things,07NxDD1iKCHbAldceD7QLP,https://open.spotify.com/track/07NxDD1iKCHbAldceD7QLP,error
Sparks Fly (Taylor's Version),3MytWN8L7shNYzGl4tAKRp,https://open.spotify.com/track/3MytWN8L7shNYzGl4tAKRp,error
Bad Blood (Taylor's Version),64FzgoLZ3oXu2SriZblHic,https://open.spotify.com/track/64FzgoLZ3oXu2SriZblHic,error
Red,0cITLOYn1Sv4q27zZPqlNK,https://open.spotify.com/track/0cITLOYn1Sv4q27zZPqlNK,error
All You Had To Do Was Stay (Taylor's Version),6GXgd1BPD9bUpqw5AntGV5,https://open.spotify.com/track/6GXgd1BPD9bUpqw5AntGV5,error
epiphany,08fa9LFcFBTcilB3iq2e2A,https://open.spotify.com/track/08fa9LFcFBTcilB3iq2e2A,error
High Infidelity,1SztNGCwEHJEVFx90E5g7D,https://open.spotify.com/track/1SztNGCwEHJEVFx90E5g7D,error
Dear Reader,10GRRCR5fctuOF4GFmATJI,https://open.spotify.com/track/10GRRCR5fctuOF4GFmATJI,error
The Very First Night (Taylor's Version) (From The Vault),6pYNq0ZwpPVazKzsqpf0G8,https://open.spotify.com/track/6pYNq0ZwpPVazKzsqpf0G8,error
Cassandra,0g4fMVo4JjwnIpTfFfLdxS,https://open.spotify.com/track/0g4fMVo4JjwnIpTfFfLdxS,error
The Fate of Ophelia - The Chainsmokers Remix,3JNaLxAymiSUMrmjOarjeo,https://open.spotify.com/track/3JNaLxAymiSUMrmjOarjeo,error
coney island (feat. The National),3k7ne7VmH43ZPWxPdvPUgR,https://open.spotify.com/track/3k7ne7VmH43ZPWxPdvPUgR,error
Two Is Better Than One (feat. Taylor Swift),1MaqkdFNIKPdpQGDzme5ss,https://open.spotify.com/track/1MaqkdFNIKPdpQGDzme5ss,error
How You Get The Girl (Taylor's Version),733OhaXQIHY7BKtY3vnSkn,https://open.spotify.com/track/733OhaXQIHY7BKtY3vnSkn,error
Teardrops On My Guitar - Radio Single Remix,7zMcNqs55Mxer82bvZFkpg,https://open.spotify.com/track/7zMcNqs55Mxer82bvZFkpg,error
Crazier,5vyxXfD5gLlyPxGZMEjtmd,https://open.spotify.com/track/5vyxXfD5gLlyPxGZMEjtmd,error
Fearless,6zV8AVM9eVfdG7Qahwd64R,https://open.spotify.com/track/6zV8AVM9eVfdG7Qahwd64R,error
The Story Of Us (Taylor's Version),6dTA6y0C2ReQklntzZl8l3,https://open.spotify.com/track/6dTA6y0C2ReQklntzZl8l3,error
The Last Time (feat. Gary Lightbody of Snow Patrol) (Taylor's Version),0y6kdSRCVQhSsHSpWvTUm7,https://open.spotify.com/track/0y6kdSRCVQhSsHSpWvTUm7,error
Babe (Taylor's Version) (From The Vault),0v4z1tuZvn6LGknom9Qx7d,https://open.spotify.com/track/0v4z1tuZvn6LGknom9Qx7d,error
Wonderland (Taylor's Version),6HRsJu8vcnzYDN4t0570FY,https://open.spotify.com/track/6HRsJu8vcnzYDN4t0570FY,error
Foolish One (Taylor's Version) (From The Vault),4s8BIKx4Zh6ryAEz8RTlaU,https://open.spotify.com/track/4s8BIKx4Zh6ryAEz8RTlaU,error
Robin,2CnjDMdpRjlWv04Xk3s6MW,https://open.spotify.com/track/2CnjDMdpRjlWv04Xk3s6MW,error
I Wish You Would (Taylor's Version),43y1WpBdnEy5TR9aZoSQL9,https://open.spotify.com/track/43y1WpBdnEy5TR9aZoSQL9,error
Better Than Revenge (Taylor's Version),0NwGC0v03ysCYINtg6ns58,https://open.spotify.com/track/0NwGC0v03ysCYINtg6ns58,error
Timeless (Taylor's Version) (From The Vault),1HCdems7PQZRj42QDWLA0A,https://open.spotify.com/track/1HCdems7PQZRj42QDWLA0A,error
Suburban Legends (Taylor's Version) (From The Vault),6M9ppdfFjR1AbpUl3Y8DcV,https://open.spotify.com/track/6M9ppdfFjR1AbpUl3Y8DcV,error
Opalite - BUNT. Remix,0E3Vtmgzk067KASoo0HwzV,https://open.spotify.com/track/0E3Vtmgzk067KASoo0HwzV,error
Haunted (Taylor's Version),4tMzIAFTFdqGBQLdfbPces,https://open.spotify.com/track/4tMzIAFTFdqGBQLdfbPces,error
I Know Places (Taylor's Version),1ULabO0PEsdJekqVH6G10G,https://open.spotify.com/track/1ULabO0PEsdJekqVH6G10G,error
Lover (Remix) [feat. Shawn Mendes],3i9UVldZOE0aD0JnyfAZZ0,https://open.spotify.com/track/3i9UVldZOE0aD0JnyfAZZ0,error
Speak Now (Taylor's Version),5xXqyjLicvEpch72qEryFT,https://open.spotify.com/track/5xXqyjLicvEpch72qEryFT,error
The Alcott (feat. Taylor Swift),6INztpNwOTlfSKTuPo0HOP,https://open.spotify.com/track/6INztpNwOTlfSKTuPo0HOP,error
Soon You'll Get Better (feat. The Chicks),4AYtqFyFbX0Xkc2wtcygTr,https://open.spotify.com/track/4AYtqFyFbX0Xkc2wtcygTr,error
Sad Beautiful Tragic (Taylor's Version),73qMN9bXy7MSPwwGfH3wQr,https://open.spotify.com/track/73qMN9bXy7MSPwwGfH3wQr,error
State Of Grace (Taylor's Version),6lzc0Al0zfZOIFsFvBS1ki,https://open.spotify.com/track/6lzc0Al0zfZOIFsFvBS1ki,error
Dear John (Taylor's Version),1zU8j1x3yi9xalMF96pzKp,https://open.spotify.com/track/1zU8j1x3yi9xalMF96pzKp,error
it's time to go - bonus track,1kdWw77ZpYOkhxeuhzU1j6,https://open.spotify.com/track/1kdWw77ZpYOkhxeuhzU1j6,error
Untouchable (Taylor's Version),0tQ9vBYpldCuikPsbgOVKA,https://open.spotify.com/track/0tQ9vBYpldCuikPsbgOVKA,error
Sparks Fly,46NGAvL695VnbcSeTmQWmM,https://open.spotify.com/track/46NGAvL695VnbcSeTmQWmM,error
All You Had To Do Was Stay,6aLOekfwbytwWvQftxTEF0,https://open.spotify.com/track/6aLOekfwbytwWvQftxTEF0,error
I Almost Do (Taylor's Version),2r9CbjYgFhtAmcFv1cSquB,https://open.spotify.com/track/2r9CbjYgFhtAmcFv1cSquB,error
Never Grow Up (Taylor's Version),2EFZ9emtKWEglWUQGEQ3P9,https://open.spotify.com/track/2EFZ9emtKWEglWUQGEQ3P9,error
The Joker And The Queen (feat. Taylor Swift),6N1K5OVVCopBjGViHs2IvP,https://open.spotify.com/track/6N1K5OVVCopBjGViHs2IvP,error
Mine,6LZaxlycSWrJZ4Volb25qx,https://open.spotify.com/track/6LZaxlycSWrJZ4Volb25qx,error
All Too Well (Sad Girl Autumn Version) - Recorded at Long Pond Studios,1n3b9Eekoy3S9ZSZ5DmTW1,https://open.spotify.com/track/1n3b9Eekoy3S9ZSZ5DmTW1,error
Forever & Always (Taylor's Version),1msEuwSBneBKpVCZQcFTsU,https://open.spotify.com/track/1msEuwSBneBKpVCZQcFTsU,error
Should've Said No,16MVSD0mGI4RMQT83Qzm69,https://open.spotify.com/track/16MVSD0mGI4RMQT83Qzm69,error
Mean (Taylor's Version),30Y4CV7A6YqtQtTTo7Ue4j,https://open.spotify.com/track/30Y4CV7A6YqtQtTTo7Ue4j,error
Tim McGraw,0Om9WAB5RS09L80DyOfTNa,https://open.spotify.com/track/0Om9WAB5RS09L80DyOfTNa,error
Electric Touch (feat. Fall Out Boy) (Taylor's Version) (From The Vault),4e3ZNTAV6PCrdYMUrUlMpQ,https://open.spotify.com/track/4e3ZNTAV6PCrdYMUrUlMpQ,error
Glitch,7C0w28EsX0Um2FrZs9gso2,https://open.spotify.com/track/7C0w28EsX0Um2FrZs9gso2,error
Opalite - Ely Oaks Remix,5t1wMjV9ldVDdYs4l7mG2g,https://open.spotify.com/track/5t1wMjV9ldVDdYs4l7mG2g,error
Bad Blood (feat. Kendrick Lamar) (Taylor's Version),6qAcApH8obo8eqatCKUHd9,https://open.spotify.com/track/6qAcApH8obo8eqatCKUHd9,error
Treacherous (Taylor's Version),3S7HNKPakdwNEBFIVTL6dZ,https://open.spotify.com/track/3S7HNKPakdwNEBFIVTL6dZ,error
Castles Crumbling (feat. Hayley Williams) (Taylor's Version) (From The Vault),4ABYxlb92WBIjHu7TIKmml,https://open.spotify.com/track/4ABYxlb92WBIjHu7TIKmml,error
If This Was A Movie (Taylor's Version),0kAZ3H6G9Zac4PMpmobMkj,https://open.spotify.com/track/0kAZ3H6G9Zac4PMpmobMkj,error
If This Was A Movie (Taylor's Version),0q6vsjvnCIWrtwRckCV7y0,https://open.spotify.com/track/0q6vsjvnCIWrtwRckCV7y0,error
closure,35rdVq36LMHQX0Suw9a6tK,https://open.spotify.com/track/35rdVq36LMHQX0Suw9a6tK,error
Wi$h Li$t - Settled Down Acoustic Version,1qwClaxDb5fCrLjXaAmB35,https://open.spotify.com/track/1qwClaxDb5fCrLjXaAmB35,error
How You Get The Girl,6wfugRLamFsTRbPcCpNnP7,https://open.spotify.com/track/6wfugRLamFsTRbPcCpNnP7,error
Holy Ground (Taylor's Version),7J4b3LVCIGO4CMBDFLPoP6,https://open.spotify.com/track/7J4b3LVCIGO4CMBDFLPoP6,error
Fifteen (Taylor's Version),2nqio0SfWg6gh2eCtfuMa5,https://open.spotify.com/track/2nqio0SfWg6gh2eCtfuMa5,error
Last Kiss,1D27z8xNzjW0Mwwt1NCWhJ,https://open.spotify.com/track/1D27z8xNzjW0Mwwt1NCWhJ,error
All Too Well,4XMP3zVxrnr58T0tjIHvpR,https://open.spotify.com/track/4XMP3zVxrnr58T0tjIHvpR,error
Hey Stephen (Taylor's Version),550erGcdD9n6PnwxrvYqZT,https://open.spotify.com/track/550erGcdD9n6PnwxrvYqZT,error
Clean,4bXCcoesMt8u99xMsbLr9U,https://open.spotify.com/track/4bXCcoesMt8u99xMsbLr9U,error
The Fate of Ophelia - Alone In My Tower Acoustic Version,3Z2nTctPsTsgqqJm5fCSvG,https://open.spotify.com/track/3Z2nTctPsTsgqqJm5fCSvG,error
It's Nice To Have A Friend,1SmiQ65iSAbPto6gPFlBYm,https://open.spotify.com/track/1SmiQ65iSAbPto6gPFlBYm,error
The Other Side Of The Door (Taylor's Version),1cSFlSBdpT4F5vb1frQ231,https://open.spotify.com/track/1cSFlSBdpT4F5vb1frQ231,error
Fortnight (feat. Post Malone) - BLOND:ISH Remix,1gejz5ROvJBUb6WJzkMAcc,https://open.spotify.com/track/1gejz5ROvJBUb6WJzkMAcc,error
Safe & Sound - from The Hunger Games Soundtrack,0z9UVN8VBHJ9HdfYsOuuNf,https://open.spotify.com/track/0z9UVN8VBHJ9HdfYsOuuNf,error
When Emma Falls in Love (Taylor's Version) (From The Vault),0zo975x58DlXbZllWvfYhg,https://open.spotify.com/track/0zo975x58DlXbZllWvfYhg,error
Forever Winter (Taylor's Version) (From The Vault),3oGVx9RBmiYGv5ZCecWLkx,https://open.spotify.com/track/3oGVx9RBmiYGv5ZCecWLkx,error
Gasoline (feat. Taylor Swift),2bzUVEvpZ7At5cYz1kOLI9,https://open.spotify.com/track/2bzUVEvpZ7At5cYz1kOLI9,error
The Moment I Knew (Taylor's Version),0NRHj8hDwwmSPaA41o379r,https://open.spotify.com/track/0NRHj8hDwwmSPaA41o379r,error
Safe & Sound (feat. Joy Williams and John Paul White) (Taylor's Version),2RJnNdu4pb3MypbBroHU0T,https://open.spotify.com/track/2RJnNdu4pb3MypbBroHU0T,error
Safe & Sound (feat. Joy Williams and John Paul White) (Taylor's Version),6Q237Ts37YGYRIi5Vy5lVX,https://open.spotify.com/track/6Q237Ts37YGYRIi5Vy5lVX,error
Starlight (Taylor's Version),7A2cNLRT0YJc1yjxHlKihs,https://open.spotify.com/track/7A2cNLRT0YJc1yjxHlKihs,error
Run (feat. Ed Sheeran) (Taylor's Version) (From The Vault),4IQkfUsrwXol38VV3U7t7T,https://open.spotify.com/track/4IQkfUsrwXol38VV3U7t7T,error
You're Not Sorry (Taylor's Version),6iiAfo4wTA2CVC3Uwx9uh8,https://open.spotify.com/track/6iiAfo4wTA2CVC3Uwx9uh8,error
Ours (Taylor's Version),3yNJkriPzWjkkDAWHIAVUq,https://open.spotify.com/track/3yNJkriPzWjkkDAWHIAVUq,error
Speak Now,7dXKdjpOaH2iwfFKmUj7aq,https://open.spotify.com/track/7dXKdjpOaH2iwfFKmUj7aq,error
Long Live,6XDBA3QWX51lDJ0oZbaJJN,https://open.spotify.com/track/6XDBA3QWX51lDJ0oZbaJJN,error
Don't You (Taylor's Version) (From The Vault),4uuEGH5SVuzkkSFjo2DEiY,https://open.spotify.com/track/4uuEGH5SVuzkkSFjo2DEiY,error
Stay Stay Stay (Taylor's Version),7eQj6r5PIdYKEIZjucBMcq,https://open.spotify.com/track/7eQj6r5PIdYKEIZjucBMcq,error
The Lucky One (Taylor's Version),4e5ayHsOLJNLTGfjau2mEw,https://open.spotify.com/track/4e5ayHsOLJNLTGfjau2mEw,error
Cruel Summer - LP Giobbi Remix,37jfioVu3Bd2Du9bteXNDU,https://open.spotify.com/track/37jfioVu3Bd2Du9bteXNDU,error
Breathe (feat. Colbie Caillat) (Taylor's Version),7HC7R2D8WjXVcUHJyEGjRs,https://open.spotify.com/track/7HC7R2D8WjXVcUHJyEGjRs,error
Elizabeth Taylor - So Glamorous Cabaret Version,4UBWugj5D20ZveyzdGpqvD,https://open.spotify.com/track/4UBWugj5D20ZveyzdGpqvD,error
Carolina - From The Motion Picture “Where The Crawdads Sing”,4axSuOg3BqsowKjRpj59RU,https://open.spotify.com/track/4axSuOg3BqsowKjRpj59RU,error
I Wish You Would,5gRYrtvyVyaCRvLt56OfuV,https://open.spotify.com/track/5gRYrtvyVyaCRvLt56OfuV,error
White Horse,1yFjBRQVhRdcdnrTE5LuyD,https://open.spotify.com/track/1yFjBRQVhRdcdnrTE5LuyD,error
Dear John,3K2es3gElMRJ3qvmPW442g,https://open.spotify.com/track/3K2es3gElMRJ3qvmPW442g,error
State Of Grace (Acoustic Version) (Taylor's Version),5jAIouBES8LWMiriuNq170,https://open.spotify.com/track/5jAIouBES8LWMiriuNq170,error
Jump Then Fall (Taylor's Version),2m3ObD945KvpE5y9A1eUWm,https://open.spotify.com/track/2m3ObD945KvpE5y9A1eUWm,error
Karma (feat. Ice Spice),4i6cwNY6oIUU2XZxPIw82Y,https://open.spotify.com/track/4i6cwNY6oIUU2XZxPIw82Y,error
You Are In Love,4A2LfnduSTsE8u0ecYROxE,https://open.spotify.com/track/4A2LfnduSTsE8u0ecYROxE,error
Cornelia Street - Live From Paris,3fGnrtrtL1IHSX9t4DKOYf,https://open.spotify.com/track/3fGnrtrtL1IHSX9t4DKOYf,error
The Way I Loved You,77VotUUL79U10TAnYdqwvr,https://open.spotify.com/track/77VotUUL79U10TAnYdqwvr,error
Begin Again,48A0aShHlovDfTMucMrE66,https://open.spotify.com/track/48A0aShHlovDfTMucMrE66,error
Wonderland,6iWMI5oOhWrDbLbjmwTWFq,https://open.spotify.com/track/6iWMI5oOhWrDbLbjmwTWFq,error
The Best Day (Taylor's Version),6ON9UuIq49xXY9GPmHIYRp,https://open.spotify.com/track/6ON9UuIq49xXY9GPmHIYRp,error
Haunted,11UaQaEp2LvdspTyyuE3ur,https://open.spotify.com/track/11UaQaEp2LvdspTyyuE3ur,error
Renegade - Pop Version,06zIBqLC9ZRm5i0iMf0kHI,https://open.spotify.com/track/06zIBqLC9ZRm5i0iMf0kHI,error
Innocent (Taylor's Version),12nBPF4Rh4XLFJV0YLN7uj,https://open.spotify.com/track/12nBPF4Rh4XLFJV0YLN7uj,error
Opalite - Life Is A Song Acoustic Version,7y16ygjcEcfo1VYKxmgVZY,https://open.spotify.com/track/7y16ygjcEcfo1VYKxmgVZY,error
Today Was A Fairytale (Taylor's Version),2JoJrsEV15OzbijS47lids,https://open.spotify.com/track/2JoJrsEV15OzbijS47lids,error
You All Over Me (feat. Maren Morris) (Taylor's Version) (From The Vault),4CHpVfAhuxNJ3ibExe6kxO,https://open.spotify.com/track/4CHpVfAhuxNJ3ibExe6kxO,error
You All Over Me (feat. Maren Morris) (Taylor's Version) (From The Vault),5pcjystBtalYeqaiXCcgEY,https://open.spotify.com/track/5pcjystBtalYeqaiXCcgEY,error
Fifteen,4yf9OivCH2lmQWN8mzpCC6,https://open.spotify.com/track/4yf9OivCH2lmQWN8mzpCC6,error
Girl At Home (Taylor's Version),0DMVrlMUn01M0IcpDbwgu7,https://open.spotify.com/track/0DMVrlMUn01M0IcpDbwgu7,error
That's When (feat. Keith Urban) (Taylor's Version) (From The Vault),7eResoqEJJAVTkQYSqvO3P,https://open.spotify.com/track/7eResoqEJJAVTkQYSqvO3P,error
Never Grow Up,3JilapcaOXzjR9gtvCY8FO,https://open.spotify.com/track/3JilapcaOXzjR9gtvCY8FO,error
This Love,1kTPQnabROVkW9bUXdCGrB,https://open.spotify.com/track/1kTPQnabROVkW9bUXdCGrB,error
Babe (feat. Taylor Swift),40PXEOFLJc7UIpLMrhSfW1,https://open.spotify.com/track/40PXEOFLJc7UIpLMrhSfW1,error
Superman (Taylor's Version),4evLyY5Ue1Wesc61t2KXAU,https://open.spotify.com/track/4evLyY5Ue1Wesc61t2KXAU,error
Ruin The Friendship - My Advice Version,6hKfPNnVlA2cgTgKj6Vgcw,https://open.spotify.com/track/6hKfPNnVlA2cgTgKj6Vgcw,error
Forever & Always (Piano Version) (Taylor's Version),01QdEx6kFr78ZejhQtWR5m,https://open.spotify.com/track/01QdEx6kFr78ZejhQtWR5m,error
I'm Only Me When I'm With You,0JIdBrXGSJXS72zjF9ss9u,https://open.spotify.com/track/0JIdBrXGSJXS72zjF9ss9u,error
A Place in this World,73OX8GdpOeGzKC6OvGSbsv,https://open.spotify.com/track/73OX8GdpOeGzKC6OvGSbsv,error
I Know Places,2zfgVd034GlUvk7LqBHl6u,https://open.spotify.com/track/2zfgVd034GlUvk7LqBHl6u,error
Mary's Song (Oh My My My),2QrQCMel6v2JiLxqrg4p2O,https://open.spotify.com/track/2QrQCMel6v2JiLxqrg4p2O,error
Tell Me Why (Taylor's Version),0k0vFacOHNuArLWMiH60p7,https://open.spotify.com/track/0k0vFacOHNuArLWMiH60p7,error
Only The Young - Featured in Miss Americana,2slqvGLwzZZYsT4K4Y1GBC,https://open.spotify.com/track/2slqvGLwzZZYsT4K4Y1GBC,error
Delicate - Recorded at The Tracking Room Nashville,1Fj0T1XKuhRu7EZzJ7NJIK,https://open.spotify.com/track/1Fj0T1XKuhRu7EZzJ7NJIK,error
Anti-Hero - Kungs Remix,2oWpe2L8ypC080BxpDVuTY,https://open.spotify.com/track/2oWpe2L8ypC080BxpDVuTY,error
Teardrops on My Guitar - Pop Version,4pJi1rVt9GNegU9kywjg4z,https://open.spotify.com/track/4pJi1rVt9GNegU9kywjg4z,error
exile (feat. Bon Iver) - the long pond studio sessions,7N015NTIWGjQDddHUdHPoO,https://open.spotify.com/track/7N015NTIWGjQDddHUdHPoO,error
Both of Us (feat. Taylor Swift),0lJWmQO1fw1Tr2p2M1m5cw,https://open.spotify.com/track/0lJWmQO1fw1Tr2p2M1m5cw,error
Cold As You,7an1exwMnfYRcdVQm0yDev,https://open.spotify.com/track/7an1exwMnfYRcdVQm0yDev,error
Ronan (Taylor's Version),7nWui6jiMM2m9qFmET1Mtj,https://open.spotify.com/track/7nWui6jiMM2m9qFmET1Mtj,error
Opalite - Chris Lake Remix,0ttGLmxI0mAkMblE6iRm2S,https://open.spotify.com/track/0ttGLmxI0mAkMblE6iRm2S,error
cardigan - the long pond studio sessions,3EPgWM1zfTSzEc0z4AwWTM,https://open.spotify.com/track/3EPgWM1zfTSzEc0z4AwWTM,error
Fortnight (feat. Post Malone) - Acoustic Version,2BUTSRKPGRsyc9FnsC5Udd,https://open.spotify.com/track/2BUTSRKPGRsyc9FnsC5Udd,error
We Were Happy (Taylor's Version) (From The Vault),34V9RiEPe8MNdU32qJsJa1,https://open.spotify.com/track/34V9RiEPe8MNdU32qJsJa1,error
Change (Taylor's Version),3ExweHKZF9B752DPQByRVT,https://open.spotify.com/track/3ExweHKZF9B752DPQByRVT,error
Bye Bye Baby (Taylor's Version) (From The Vault),4qUijfYU8EoIWiY6oSyrgT,https://open.spotify.com/track/4qUijfYU8EoIWiY6oSyrgT,error
Come In With The Rain (Taylor's Version),1n2wszmJyVkw6FHqyLnQsY,https://open.spotify.com/track/1n2wszmJyVkw6FHqyLnQsY,error
this is me trying - the long pond studio sessions,1gaLZjPrDnHQWJds2Jg4KT,https://open.spotify.com/track/1gaLZjPrDnHQWJds2Jg4KT,error
my tears ricochet - the long pond studio sessions,5mdNyCS7ttVcAyVYOIFEjs,https://open.spotify.com/track/5mdNyCS7ttVcAyVYOIFEjs,error
Superstar (Taylor's Version),51A8eKvvZz9uydvIZ7xRSV,https://open.spotify.com/track/51A8eKvvZz9uydvIZ7xRSV,error
Stay Beautiful,2ZoOmCSgj0ypVAmGd1ve4y,https://open.spotify.com/track/2ZoOmCSgj0ypVAmGd1ve4y,error
Tied Together with a Smile,6K0CJLVXqbGMeJSmJ4ENKK,https://open.spotify.com/track/6K0CJLVXqbGMeJSmJ4ENKK,error
State Of Grace,786NsUYn4GGUf8AOt0SQhP,https://open.spotify.com/track/786NsUYn4GGUf8AOt0SQhP,error
Wildest Dreams - R3hab Remix,5VDHMi7own9vDZjiwDES1e,https://open.spotify.com/track/5VDHMi7own9vDZjiwDES1e,error
Delicate - Seeb Remix,2Sy2oGjP5RYB4cLVoDU0Gz,https://open.spotify.com/track/2Sy2oGjP5RYB4cLVoDU0Gz,error
Daylight - Live From Paris,7ryS0xBZNYjQqql34GCkDp,https://open.spotify.com/track/7ryS0xBZNYjQqql34GCkDp,error
Invisible,5OOd01o2YS1QFwdpVLds3r,https://open.spotify.com/track/5OOd01o2YS1QFwdpVLds3r,error
The Outside,2QA3IixpRcKyOdG7XDzRgv,https://open.spotify.com/track/2QA3IixpRcKyOdG7XDzRgv,error
The Story Of Us,3lXekiVK1ZPZbKconsys73,https://open.spotify.com/track/3lXekiVK1ZPZbKconsys73,error
Forever & Always,1zxrcAk6eiytfavqriMcKT,https://open.spotify.com/track/1zxrcAk6eiytfavqriMcKT,error
the lakes - original version,0UAdDYrkCvVQftaKpL6q5f,https://open.spotify.com/track/0UAdDYrkCvVQftaKpL6q5f,error
September - Recorded at The Tracking Room Nashville,5eGX87IiKsGuzS3iw4CfCX,https://open.spotify.com/track/5eGX87IiKsGuzS3iw4CfCX,error
Eyes Open (Taylor's Version),2NIBaWXdjaTDmytjjwbEfP,https://open.spotify.com/track/2NIBaWXdjaTDmytjjwbEfP,error
Eyes Open (Taylor's Version),0gPmM1WtVRg3uENW3o8bfx,https://open.spotify.com/track/0gPmM1WtVRg3uENW3o8bfx,error
Holy Ground,5d2Kn9oAAh9S2EbyCo1i52,https://open.spotify.com/track/5d2Kn9oAAh9S2EbyCo1i52,error
Breathe,0qsSmObOgBZfuMIwfAQDBP,https://open.spotify.com/track/0qsSmObOgBZfuMIwfAQDBP,error
Ours,1EQn3Uc5AyUXoiPLeyCrrg,https://open.spotify.com/track/1EQn3Uc5AyUXoiPLeyCrrg,error
Eldest Daughter - Now You're Home Acoustic Version,2JHzTARFUispsjZHKhrxxO,https://open.spotify.com/track/2JHzTARFUispsjZHKhrxxO,error
A Perfectly Good Heart,1spLfUJxtyVyiKKTegQ2r4,https://open.spotify.com/track/1spLfUJxtyVyiKKTegQ2r4,error
Hey Stephen,4fWDgRZa0GKE5KZNhE9MQa,https://open.spotify.com/track/4fWDgRZa0GKE5KZNhE9MQa,error
Birch,7wo2UNeQBowm28hfAJsEMz,https://open.spotify.com/track/7wo2UNeQBowm28hfAJsEMz,error
The Life of a Showgirl (feat. Sabrina Carpenter) - Dressing Room Rehearsal Version,2DF2sUvgHFKJ5TQGjm6n3T,https://open.spotify.com/track/2DF2sUvgHFKJ5TQGjm6n3T,error
The Best Day,5YbZZ2gYfvW1UvHHF4pVaD,https://open.spotify.com/track/5YbZZ2gYfvW1UvHHF4pVaD,error
The Last Time,7vvIpJZye5cRR6De1LKM0m,https://open.spotify.com/track/7vvIpJZye5cRR6De1LKM0m,error
august - the long pond studio sessions,4MGexoZc12lqE0hYkq9YYx,https://open.spotify.com/track/4MGexoZc12lqE0hYkq9YYx,error
mirrorball - the long pond studio sessions,2yceD2hx5HhOLgkm1CITCi,https://open.spotify.com/track/2yceD2hx5HhOLgkm1CITCi,error
Death By A Thousand Cuts - Live From Paris,3oF7Or7T35yhQbGxbCGvRX,https://open.spotify.com/track/3oF7Or7T35yhQbGxbCGvRX,error
I Almost Do,5VwFkx7JOimOGTYfha5rs1,https://open.spotify.com/track/5VwFkx7JOimOGTYfha5rs1,error
Treacherous,5kYFVSQoPu7yRpfiHBwMUk,https://open.spotify.com/track/5kYFVSQoPu7yRpfiHBwMUk,error
If This Was A Movie,0vvt4IZOMkRug195S4MUq0,https://open.spotify.com/track/0vvt4IZOMkRug195S4MUq0,error
Anti-Hero - Acoustic Version,2d3d9xZutJjmUpntiyHt3F,https://open.spotify.com/track/2d3d9xZutJjmUpntiyHt3F,error
Stay Stay Stay,1qLeEu4iXEclkLwoBlMiou,https://open.spotify.com/track/1qLeEu4iXEclkLwoBlMiou,error
Come Back...Be Here,4qyalTRMRH5YuEntvvMvq0,https://open.spotify.com/track/4qyalTRMRH5YuEntvvMvq0,error
cardigan - cabin in candlelight version,2hmafYGj1CXYKIYcMnX4lj,https://open.spotify.com/track/2hmafYGj1CXYKIYcMnX4lj,error
"Sweeter Than Fiction - From ""One Chance"" Soundtrack",0RFCHlNuTeUHIB36VuVbOL,https://open.spotify.com/track/0RFCHlNuTeUHIB36VuVbOL,error
You're Not Sorry,4N419mmxYybTfAECy5j4dw,https://open.spotify.com/track/4N419mmxYybTfAECy5j4dw,error
illicit affairs - the long pond studio sessions,560uQyz3p5G9WdnMX39xc6,https://open.spotify.com/track/560uQyz3p5G9WdnMX39xc6,error
Innocent,3kfgJql90tzgoxByioAMXR,https://open.spotify.com/track/3kfgJql90tzgoxByioAMXR,error
Lavender Haze - Acoustic Version,05kJkr80XEaZeN8kxyQoFp,https://open.spotify.com/track/05kJkr80XEaZeN8kxyQoFp,error
Today Was A Fairytale,4pFvEWbjBpPUdYRQly0THs,https://open.spotify.com/track/4pFvEWbjBpPUdYRQly0THs,error
Today Was A Fairytale - US Version,1P5QpwOgXJuoVTm3CWbnLY,https://open.spotify.com/track/1P5QpwOgXJuoVTm3CWbnLY,error
Starlight,0vqI4ZIMuifeKeItGiWbPj,https://open.spotify.com/track/0vqI4ZIMuifeKeItGiWbPj,error
the 1 - the long pond studio sessions,08J4bMHbILkwSIhbtrcvjN,https://open.spotify.com/track/08J4bMHbILkwSIhbtrcvjN,error
the lakes - the long pond studio sessions,6mqyTq948oap5AkyTsd6XF,https://open.spotify.com/track/6mqyTq948oap5AkyTsd6XF,error
The Lucky One,2wtHlpYSgC7xEdD3DrSHNL,https://open.spotify.com/track/2wtHlpYSgC7xEdD3DrSHNL,error
Love Story (Taylor's Version) - Elvira Remix,5RaBeejGtdPEszYEKYECs2,https://open.spotify.com/track/5RaBeejGtdPEszYEKYECs2,error
Anti-Hero (feat. Bleachers),16M9Rxid0nXhVmme7lzVwN,https://open.spotify.com/track/16M9Rxid0nXhVmme7lzVwN,error
Back To December - Acoustic,6IH2Z54gYPLqgJtxZjX80i,https://open.spotify.com/track/6IH2Z54gYPLqgJtxZjX80i,error
...Ready For It? - BloodPop® Remix,1Ygm9KdH3wbzDekO8JgxcW,https://open.spotify.com/track/1Ygm9KdH3wbzDekO8JgxcW,error
Sad Beautiful Tragic,5QKhg4r4Ibt0LVTmWEXTEg,https://open.spotify.com/track/5QKhg4r4Ibt0LVTmWEXTEg,error
Mine - POP Mix,0GxW5K0qzrq7L1jwSY5OmY,https://open.spotify.com/track/0GxW5K0qzrq7L1jwSY5OmY,error
Mine - POP Mix,0fAbfDiuQiUwV7FUcFfRGY,https://open.spotify.com/track/0fAbfDiuQiUwV7FUcFfRGY,error
Tell Me Why,6vLpy7UPYuOa75Bkqocrcw,https://open.spotify.com/track/6vLpy7UPYuOa75Bkqocrcw,error
Lavender Haze - Snakehips Remix,6F67FNdOBNMFzxdj1CQ5pL,https://open.spotify.com/track/6F67FNdOBNMFzxdj1CQ5pL,error
Lover - First Dance Remix,2msvOEbkK50foYf9BMXr2X,https://open.spotify.com/track/2msvOEbkK50foYf9BMXr2X,error
Christmas Tree Farm,4mKye6Z1kXuKolzMkJoKFA,https://open.spotify.com/track/4mKye6Z1kXuKolzMkJoKFA,error
the last great american dynasty - the long pond studio sessions,28tIMaewZuGR8urkvFhQyA,https://open.spotify.com/track/28tIMaewZuGR8urkvFhQyA,error
invisible string - the long pond studio sessions,5KByGq0JijSSDcy0qzuINs,https://open.spotify.com/track/5KByGq0JijSSDcy0qzuINs,error
Lavender Haze - Felix Jaehn Remix,2M4tVhRXucLE9M3STv21Yi,https://open.spotify.com/track/2M4tVhRXucLE9M3STv21Yi,error
Lavender Haze - Felix Jaehn Remix,5KxZfCXXmVvKhPo8hQz2pS,https://open.spotify.com/track/5KxZfCXXmVvKhPo8hQz2pS,error
seven - the long pond studio sessions,4cOWq0cVsKjxaQpRMbDoH1,https://open.spotify.com/track/4cOWq0cVsKjxaQpRMbDoH1,error
Jump Then Fall,6WWvcA62QlnRguluWAk6bv,https://open.spotify.com/track/6WWvcA62QlnRguluWAk6bv,error
Untouchable,6ovFJkdau79DuXEvQjPaNH,https://open.spotify.com/track/6ovFJkdau79DuXEvQjPaNH,error
Change,0RdcBnAXyH2YZZvcBVu2k6,https://open.spotify.com/track/0RdcBnAXyH2YZZvcBVu2k6,error
The Other Side Of The Door,1yDJcXc549N6AabNBzFAku,https://open.spotify.com/track/1yDJcXc549N6AabNBzFAku,error
The Archer - Live From Paris,2fgiBCtbWo8pijF6M7pN1i,https://open.spotify.com/track/2fgiBCtbWo8pijF6M7pN1i,error
Message In A Bottle (Fat Max G Remix) (Taylor's Version),3tGq7hWDCtrnL83y5OGual,https://open.spotify.com/track/3tGq7hWDCtrnL83y5OGual,error
All Too Well (10 Minute Version) (The Short Film),1u4HUiREUR6vX1W1RYG2Tm,https://open.spotify.com/track/1u4HUiREUR6vX1W1RYG2Tm,error
betty - the long pond studio sessions,1mh5dObNoOvCfHmXnhvDEK,https://open.spotify.com/track/1mh5dObNoOvCfHmXnhvDEK,error
peace - the long pond studio sessions,4YHHz3VIXgNDGdoL9xC1tx,https://open.spotify.com/track/4YHHz3VIXgNDGdoL9xC1tx,error
willow - lonely witch version,0U0etHtpARihOUUY8Akc7y,https://open.spotify.com/track/0U0etHtpARihOUUY8Akc7y,error
willow - lonely witch version,77d7q9TNbsIDmRTDPkPv3L,https://open.spotify.com/track/77d7q9TNbsIDmRTDPkPv3L,error
willow - 90's trend remix,77p4fRpoeiZMtUy3P9kN21,https://open.spotify.com/track/77p4fRpoeiZMtUy3P9kN21,error
Anti-Hero - ILLENIUM Remix,6C0H8ts9M6deezz0yYR6LK,https://open.spotify.com/track/6C0H8ts9M6deezz0yYR6LK,error
mad woman - the long pond studio sessions,04xrhDrQ2WOW8GLwu7kbc0,https://open.spotify.com/track/04xrhDrQ2WOW8GLwu7kbc0,error
Haunted - Acoustic Version,62rlxI6g2PNaWsHoiRryto,https://open.spotify.com/track/62rlxI6g2PNaWsHoiRryto,error
hoax - the long pond studio sessions,0QTBsdoJhamY3Aid3fOsOd,https://open.spotify.com/track/0QTBsdoJhamY3Aid3fOsOd,error
epiphany - the long pond studio sessions,4yyKppX85ZkmlGOC2toBZA,https://open.spotify.com/track/4yyKppX85ZkmlGOC2toBZA,error
Wood - Track by Track,20QSU9vg05qYSDVgOTAwPp,https://open.spotify.com/track/20QSU9vg05qYSDVgOTAwPp,error
willow - dancing witch version (Elvira remix),2NnrAdjE9cPdMklonMBuAv,https://open.spotify.com/track/2NnrAdjE9cPdMklonMBuAv,error
willow - dancing witch version (Elvira remix),2Ta5c5Z6DvM8GX0U1polSo,https://open.spotify.com/track/2Ta5c5Z6DvM8GX0U1polSo,error
I Can Do It With a Broken Heart - Dombresky Remix,0hFF0aqyjDwDh6SQwRbTyx,https://open.spotify.com/track/0hFF0aqyjDwDh6SQwRbTyx,error
Should've Said No - The 3D Concert Experience,06FXaDDdg0BzXl15cthMS5,https://open.spotify.com/track/06FXaDDdg0BzXl15cthMS5,error
Lover - Live From Paris,4lD3RXyvHpJsM3BhIEC4aA,https://open.spotify.com/track/4lD3RXyvHpJsM3BhIEC4aA,error
Girl At Home,6cf6rLb8qcklvJv90W6HCW,https://open.spotify.com/track/6cf6rLb8qcklvJv90W6HCW,error
Drops Of Jupiter - Live/2011,0BSmbCIY36iw04azzJ3S0S,https://open.spotify.com/track/0BSmbCIY36iw04azzJ3S0S,error
The Moment I Knew,5AsmAjBSSQjRPWgAYIp8tm,https://open.spotify.com/track/5AsmAjBSSQjRPWgAYIp8tm,error
Superman,2R7C9dDqv1UPycvepBFziA,https://open.spotify.com/track/2R7C9dDqv1UPycvepBFziA,error
Forever & Always - Piano Version,13MAWVUSkbGMUi6I7RowRK,https://open.spotify.com/track/13MAWVUSkbGMUi6I7RowRK,error
"Beautiful Ghosts - From The Motion Picture Soundtrack ""Cats""",2evEoQAhIMaa9PfjTT5skG,https://open.spotify.com/track/2evEoQAhIMaa9PfjTT5skG,error
The Man - Live From Paris,7FKbTRXXIWVFQmPH8zGfU0,https://open.spotify.com/track/7FKbTRXXIWVFQmPH8zGfU0,error
Come In With The Rain,0cEG04R5cldkTLzK6phlcn,https://open.spotify.com/track/0cEG04R5cldkTLzK6phlcn,error
Elizabeth Taylor - Track by Track,3r9fAceWmaDFvbNiTnFiLr,https://open.spotify.com/track/3r9fAceWmaDFvbNiTnFiLr,error
Back To December/Apologize/You're Not Sorry - Live/2011/Medley,1IsquhJFJ0qcFZI7FeAEuN,https://open.spotify.com/track/1IsquhJFJ0qcFZI7FeAEuN,error
State Of Grace - Acoustic,5G9AVKld9q7DCrmoY42raf,https://open.spotify.com/track/5G9AVKld9q7DCrmoY42raf,error
SuperStar,0XfTh16YcKPzdxMPTeKTAq,https://open.spotify.com/track/0XfTh16YcKPzdxMPTeKTAq,error
Last Christmas,2IprIjGNRlj3TfqUWCAo0C,https://open.spotify.com/track/2IprIjGNRlj3TfqUWCAo0C,error
You Need To Calm Down - Clean Bandit Remix,7Bjf96uNizpvXLvNyOJpst,https://open.spotify.com/track/7Bjf96uNizpvXLvNyOJpst,error
You Need To Calm Down - Live From Paris,36a08nLG1xazGaaVKK0vv7,https://open.spotify.com/track/36a08nLG1xazGaaVKK0vv7,error
ME! - Live From Paris,5fOV54t6mMYv3H9CsnvU81,https://open.spotify.com/track/5fOV54t6mMYv3H9CsnvU81,error
Wildest Dreams (Arr. Lawson for Harp),3Ng1BPUR5qf6vQ1AizIA0D,https://open.spotify.com/track/3Ng1BPUR5qf6vQ1AizIA0D,error
I Want You Back - Live/2011,4KB3zBArZ1rHRExilzycaV,https://open.spotify.com/track/4KB3zBArZ1rHRExilzycaV,error
Red - Original Demo Recording,4mqgn90sCeVSYqcoftTQTd,https://open.spotify.com/track/4mqgn90sCeVSYqcoftTQTd,error
"Carolina - ""Where The Crawdads Sing"" - Video Edition",12xIjI9A9UlB6zEc7kyZ06,https://open.spotify.com/track/12xIjI9A9UlB6zEc7kyZ06,error
willow - moonlit witch version,5XkJj6sV2XLMaURdmdXgNx,https://open.spotify.com/track/5XkJj6sV2XLMaURdmdXgNx,error
willow - moonlit witch version,5F7hpFKLmWgMHGxQuwssuv,https://open.spotify.com/track/5F7hpFKLmWgMHGxQuwssuv,error
Treacherous - Original Demo Recording,7BT9K9BDqq6HI2oWH5UMZQ,https://open.spotify.com/track/7BT9K9BDqq6HI2oWH5UMZQ,error
Love Story - Digital Dog Remix,3RNDw7yywLNyawDKV99hTx,https://open.spotify.com/track/3RNDw7yywLNyawDKV99hTx,error
Big Star (with Taylor Swift) - Live,7JKwboSAWRHJI5U1XGTqS3,https://open.spotify.com/track/7JKwboSAWRHJI5U1XGTqS3,error
Bette Davis Eyes - Live/2011,6KF9xd2hBLuexrmBX4vUWD,https://open.spotify.com/track/6KF9xd2hBLuexrmBX4vUWD,error
Teardrops On My Guitar,60oZARTE1kCh5ntBfeO1XB,https://open.spotify.com/track/60oZARTE1kCh5ntBfeO1XB,error
The Last Time - Karaoke Version,3vM04liQIPwzatRCDvWvba,https://open.spotify.com/track/3vM04liQIPwzatRCDvWvba,error
Opalite - Skream Remix,1VCcPLfDiR1S9PJaSp5qm5,https://open.spotify.com/track/1VCcPLfDiR1S9PJaSp5qm5,error
Enchanted - Live/2011,3lm4L3pPL32PFy74dR17OR,https://open.spotify.com/track/3lm4L3pPL32PFy74dR17OR,error
betty - Live from the 2020 Academy of Country Music Awards,4GS68CE8nKLIKjjapiSm2I,https://open.spotify.com/track/4GS68CE8nKLIKjjapiSm2I,error
betty - Live from the 2020 Academy of Country Music Awards,1hm4V38egkiHOgxTUpu0zg,https://open.spotify.com/track/1hm4V38egkiHOgxTUpu0zg,error
Haunted - Live/2011,6znB7YZhMJT2B83zfbiyLq,https://open.spotify.com/track/6znB7YZhMJT2B83zfbiyLq,error
Anti-Hero - Roosevelt Remix,4XiypEn8iKbeP1TbTqdfk5,https://open.spotify.com/track/4XiypEn8iKbeP1TbTqdfk5,error
Last Kiss - Live/2011,6hH37tyeRdyan1mAppmVor,https://open.spotify.com/track/6hH37tyeRdyan1mAppmVor,error
Better Than Revenge - Live/2011,6505MLhnqTDDg4tjoUz2Wp,https://open.spotify.com/track/6505MLhnqTDDg4tjoUz2Wp,error
I Can Do It With a Broken Heart - Instrumental,2PGIFYRG1XWsPqNG14hgD1,https://open.spotify.com/track/2PGIFYRG1XWsPqNG14hgD1,error
The Fate of Ophelia - Track by Track,5k9RjjuYyOMCLL81U8FaHT,https://open.spotify.com/track/5k9RjjuYyOMCLL81U8FaHT,error
Sparks Fly - Live/2011,1aBJNc2thaKyh5THWzIqHX,https://open.spotify.com/track/1aBJNc2thaKyh5THWzIqHX,error
Long Live - Live/2011,5QkzyLUb4ggojNDp8G2OxX,https://open.spotify.com/track/5QkzyLUb4ggojNDp8G2OxX,error
Delicate - Sawyr And Ryan Tedder Mix,6SYwJcqaltK2WFRmD1unUV,https://open.spotify.com/track/6SYwJcqaltK2WFRmD1unUV,error
Anti-Hero - Jayda G Remix,4YrpqEBNuz7IMsZtUP6bNQ,https://open.spotify.com/track/4YrpqEBNuz7IMsZtUP6bNQ,error
The Life of a Showgirl - Track by Track,42TAweWJJ9YlQ47T5nesu5,https://open.spotify.com/track/42TAweWJJ9YlQ47T5nesu5,error
Lavender Haze - Tensnake Remix,7kjSmkSo15pHlkb0mOQtfj,https://open.spotify.com/track/7kjSmkSo15pHlkb0mOQtfj,error
Dear John - Live/2011,4DbI1rr4IQ2bc8nejy9ttd,https://open.spotify.com/track/4DbI1rr4IQ2bc8nejy9ttd,error
The Story Of Us - Live,72GIZuUXo14oyrS0si3Rgc,https://open.spotify.com/track/72GIZuUXo14oyrS0si3Rgc,error
Opalite - Track by Track,5SkuikJwvwfEvNyCepGkq3,https://open.spotify.com/track/5SkuikJwvwfEvNyCepGkq3,error
Father Figure - Track by Track,2NGGvVcfb2m2NbVaXHC3gb,https://open.spotify.com/track/2NGGvVcfb2m2NbVaXHC3gb,error
Eldest Daughter - Track by Track,0wAvTNz81YTUhLFWuWJSAV,https://open.spotify.com/track/0wAvTNz81YTUhLFWuWJSAV,error
Ruin The Friendship - Track by Track,6NUy8xajng5zMSGJRKniAG,https://open.spotify.com/track/6NUy8xajng5zMSGJRKniAG,error
Mine - Live/2011,7yndkPYP6YQQLBpPsizDfh,https://open.spotify.com/track/7yndkPYP6YQQLBpPsizDfh,error
Mean - Live/2011,7mFiEij8AXPUZB7aKLbUlQ,https://open.spotify.com/track/7mFiEij8AXPUZB7aKLbUlQ,error
Wi$h Li$t - Track by Track,5yrrh7VYFMCNjUOIMzGNp5,https://open.spotify.com/track/5yrrh7VYFMCNjUOIMzGNp5,error
Christmases When You Were Mine,1g09DZjQ7yBommCT6POY2n,https://open.spotify.com/track/1g09DZjQ7yBommCT6POY2n,error
Actually Romantic - Track by Track,6FJemhBlVTGTCgrrrLam3D,https://open.spotify.com/track/6FJemhBlVTGTCgrrrLam3D,error
Ronan,0Nw8hv79MLJa1yjtsEgz08,https://open.spotify.com/track/0Nw8hv79MLJa1yjtsEgz08,error
CANCELLED! - Track by Track,6JNM6pLKbXMGG2opeExCb2,https://open.spotify.com/track/6JNM6pLKbXMGG2opeExCb2,error
Ours - Live/2011,68QyrSzpnoU04AAhE5z8lj,https://open.spotify.com/track/68QyrSzpnoU04AAhE5z8lj,error
Love Story - Live From Clear Channel Stripped 2008,4RBKAqJ3qyvvriDG0s9IJ3,https://open.spotify.com/track/4RBKAqJ3qyvvriDG0s9IJ3,error
Speak Now - Live/2011,3QFB14MOUf3imlyISNmrbT,https://open.spotify.com/track/3QFB14MOUf3imlyISNmrbT,error
Honey - Track by Track,5EwypOO9NEI7MvjPOYZtWk,https://open.spotify.com/track/5EwypOO9NEI7MvjPOYZtWk,error
"Macavity - From The Motion Picture Soundtrack ""Cats""",5zOKuItOTZhRCGtPrDYmlj,https://open.spotify.com/track/5zOKuItOTZhRCGtPrDYmlj,error
Beautiful Eyes - Live From Clear Channel Stripped 2008,4aBW31cmkA7BLColUsMEeZ,https://open.spotify.com/track/4aBW31cmkA7BLColUsMEeZ,error
Silent Night,1cJkUN5LAotktryx2nPCr7,https://open.spotify.com/track/1cJkUN5LAotktryx2nPCr7,error
Cruel Summer - LP Giobbi Remix - Extended Version,0ISHfeb30gj4CSWUZYuesj,https://open.spotify.com/track/0ISHfeb30gj4CSWUZYuesj,error
Christmas Must Be Something More,31JVjy3XWnh6C2zf4kLCXN,https://open.spotify.com/track/31JVjy3XWnh6C2zf4kLCXN,error
Opalite - Official Music Video Extended Version Part 1,7vf4GBEJmv0uXojpr5qPMX,https://open.spotify.com/track/7vf4GBEJmv0uXojpr5qPMX,error
Style - Karaoke Version,1Qicm51crXMvUuH4SMjobT,https://open.spotify.com/track/1Qicm51crXMvUuH4SMjobT,error
Lavender Haze - Jungle Remix,0ThxqUZ9PwS6n0UT5i1XH6,https://open.spotify.com/track/0ThxqUZ9PwS6n0UT5i1XH6,error
Santa Baby,71IScwIe7bcIlpnlkbKVQw,https://open.spotify.com/track/71IScwIe7bcIlpnlkbKVQw,error
Fearless - Live From Clear Channel Stripped 2008,5g7RMU3cV7zXWH244BLe7G,https://open.spotify.com/track/5g7RMU3cV7zXWH244BLe7G,error
Opalite - Official Music Video Extended Version Part 2,7EWLNUpx0QWUCYfmBJS9qb,https://open.spotify.com/track/7EWLNUpx0QWUCYfmBJS9qb,error
Fortnight (feat. Post Malone) - Cults Remix,7pM01Cfj8vt7z3qI2TveNT,https://open.spotify.com/track/7pM01Cfj8vt7z3qI2TveNT,error
White Christmas,7GZ3KDorsc1yWndEtzGTjf,https://open.spotify.com/track/7GZ3KDorsc1yWndEtzGTjf,error
Christmas Tree Farm - Old Timey Version,50ho0AOvkm8E5l8zf7OfJI,https://open.spotify.com/track/50ho0AOvkm8E5l8zf7OfJI,error
Love Story - Pop Mix,5lA0yK8S5tP3xoaRMCp4Ug,https://open.spotify.com/track/5lA0yK8S5tP3xoaRMCp4Ug,error
I Know Places - Voice Memo,4JQm7ebhsrt10wmrP6AfXL,https://open.spotify.com/track/4JQm7ebhsrt10wmrP6AfXL,error
I Know Places - Voice Memo,4FoV729rw7IhoKlMZW5K5V,https://open.spotify.com/track/4FoV729rw7IhoKlMZW5K5V,error
Untouchable - Live From Clear Channel Stripped 2008,4MbHDiHQjhmoVAV75G04Ql,https://open.spotify.com/track/4MbHDiHQjhmoVAV75G04Ql,error
...Ready For It? - Karaoke Version,4twNUyTpLMPWokYmCdFDCH,https://open.spotify.com/track/4twNUyTpLMPWokYmCdFDCH,error
Blank Space - Voice Memo,0yisH8r0f3Mkq34kjzUlCV,https://open.spotify.com/track/0yisH8r0f3Mkq34kjzUlCV,error
Blank Space - Voice Memo,4e6QU4gpfZj9xxcK856RgG,https://open.spotify.com/track/4e6QU4gpfZj9xxcK856RgG,error
You're Not Sorry - CSI Remix,4VbErhGDMTnvPAnt5z70DL,https://open.spotify.com/track/4VbErhGDMTnvPAnt5z70DL,error
I Wish You Would - Voice Memo,4TtyvyI42C0KFnbDZvNC8Y,https://open.spotify.com/track/4TtyvyI42C0KFnbDZvNC8Y,error
I Wish You Would - Voice Memo,4eTXfpHxhxVofrBUjAhPMg,https://open.spotify.com/track/4eTXfpHxhxVofrBUjAhPMg,error
Teardrops On My Guitar - Live From Clear Channel Stripped 2008,4DjevQhsPWULcondN4mRh5,https://open.spotify.com/track/4DjevQhsPWULcondN4mRh5,error
Picture To Burn - Live From Clear Channel Stripped 2008,7EvU9pRoJ9Xs7anx0P7tEc,https://open.spotify.com/track/7EvU9pRoJ9Xs7anx0P7tEc,error
Should've Said No - Live From Clear Channel Stripped 2008,5a9hUL6ZuiagZhazwrtwHF,https://open.spotify.com/track/5a9hUL6ZuiagZhazwrtwHF,error
Call It What You Want - Karaoke Version,1VPHQriwOsy5aGHLwwZyho,https://open.spotify.com/track/1VPHQriwOsy5aGHLwwZyho,error
Don't Blame Me - Karaoke Version,5JtXBqKLdfzwedmlUjjqAm,https://open.spotify.com/track/5JtXBqKLdfzwedmlUjjqAm,error
Delicate - Karaoke Version,5Iadj8IBPrt634WW0yGPRI,https://open.spotify.com/track/5Iadj8IBPrt634WW0yGPRI,error
Look What You Made Me Do - Karaoke Version,1zz0XSmHCFd57ne04UAp38,https://open.spotify.com/track/1zz0XSmHCFd57ne04UAp38,error
Blank Space - Karaoke Version,6N6V2v89hS4N9ossON5f9R,https://open.spotify.com/track/6N6V2v89hS4N9ossON5f9R,error
Shake It Off - Karaoke Version,4omftH10jc82Sj8VJ395C7,https://open.spotify.com/track/4omftH10jc82Sj8VJ395C7,error
Change - Live From Clear Channel Stripped 2008,69o9kr9UexjzeZDE8yD8dQ,https://open.spotify.com/track/69o9kr9UexjzeZDE8yD8dQ,error
Dress - Karaoke Version,2k0w1FGqvzVPgQ9VdTaJpe,https://open.spotify.com/track/2k0w1FGqvzVPgQ9VdTaJpe,error
Christmas Tree Farm - Recorded Live at the 2019 iHeartRadio Jingle Ball,1alAo6dYalSx8yZUn17JxF,https://open.spotify.com/track/1alAo6dYalSx8yZUn17JxF,error
Getaway Car - Karaoke Version,7bdyzcQ0onk60hfsxDCd2X,https://open.spotify.com/track/7bdyzcQ0onk60hfsxDCd2X,error
End Game - Karaoke Version,4cag67C3v9ToeFivUwDUsE,https://open.spotify.com/track/4cag67C3v9ToeFivUwDUsE,error
I Did Something Bad - Karaoke Version,2hecdut2HWM5JMHqLTWThq,https://open.spotify.com/track/2hecdut2HWM5JMHqLTWThq,error
Dancing With Our Hands Tied - Karaoke Version,3ZfvKQxJp4zZshiJsRPoD1,https://open.spotify.com/track/3ZfvKQxJp4zZshiJsRPoD1,error
Gorgeous - Karaoke Version,3ZHTwJzCNDFvjLpVQiqpH6,https://open.spotify.com/track/3ZHTwJzCNDFvjLpVQiqpH6,error
King Of My Heart - Karaoke Version,5EsfyTD26nlVQ0DtYo16uJ,https://open.spotify.com/track/5EsfyTD26nlVQ0DtYo16uJ,error
New Year's Day - Karaoke Version,13tYZVTtzLUJTlM7m1ivbi,https://open.spotify.com/track/13tYZVTtzLUJTlM7m1ivbi,error
So It Goes... - Karaoke Version,5oJUjUsBZcqyEhOdpif37h,https://open.spotify.com/track/5oJUjUsBZcqyEhOdpif37h,error
Love Story - Instrumental with BGV,2GZNZLMvT3gjCEPd6NNvvQ,https://open.spotify.com/track/2GZNZLMvT3gjCEPd6NNvvQ,error
This Is Why We Can't Have Nice Things - Karaoke Version,0MtU9ETYyVX8YPBDCYPdMb,https://open.spotify.com/track/0MtU9ETYyVX8YPBDCYPdMb,error
Hey Stephen - Commentary,7Ae2hYOcJmLbGCYIA3M1VM,https://open.spotify.com/track/7Ae2hYOcJmLbGCYIA3M1VM,error
Love Story - J Stax Radio Mix,4i0M7glXqIIRKPwbLtpExi,https://open.spotify.com/track/4i0M7glXqIIRKPwbLtpExi,error
