title,track_id,spotify_url,previous_streams,new_streams,delta,reason,raw
The Fate of Ophelia,53iuhJlwXhSER5J2IYYv1W,https://open.spotify.com/track/53iuhJlwXhSER5J2IYYv1W,1215515144,1215515144,0,same_total,1215515144
Opalite,3yWuTOYDztXjZxdE2cIRUa,https://open.spotify.com/track/3yWuTOYDztXjZxdE2cIRUa,645289039,645289039,0,same_total,645289039
Style,0ug5NqcwcFR2xrfTkc7k8e,https://open.spotify.com/track/0ug5NqcwcFR2xrfTkc7k8e,1717341546,1717341546,0,same_total,1717341546
Blank Space,1u8c2t2Cy7UBoG4ArRcF5g,https://open.spotify.com/track/1u8c2t2Cy7UBoG4ArRcF5g,2395692046,2395692046,0,same_total,2395692046
Shake It Off,0cqRj7pUJDkTCEsJkx8snD,https://open.spotify.com/track/0cqRj7pUJDkTCEsJkx8snD,1851818259,1851818259,0,same_total,1851818259
Lover,1dGr1c8CrMLDpV6mPbImSI,https://open.spotify.com/track/1dGr1c8CrMLDpV6mPbImSI,2009779481,2009779481,0,same_total,2009779481
I Don't Wanna Live Forever (Fifty Shades Darker),2y5aJvzXhHPA94U5GFAcXe,https://open.spotify.com/track/2y5aJvzXhHPA94U5GFAcXe,2106064717,2106064717,0,same_total,2106064717
Fortnight (feat. Post Malone),2OzhQlSqBEmt7hmkYxfT6m,https://open.spotify.com/track/2OzhQlSqBEmt7hmkYxfT6m,1146366816,1146366816,0,same_total,1146366816
Guilty as Sin?,0W0iAC1VGlB82PI6elxFYf,https://open.spotify.com/track/0W0iAC1VGlB82PI6elxFYf,559861660,559861660,0,same_total,559861660
Love Story (Taylor's Version),6YvqWjhGD8mB5QXcbcUKtx,https://open.spotify.com/track/6YvqWjhGD8mB5QXcbcUKtx,1166140964,1166140964,0,same_total,1166140964
All Too Well (10 Minute Version) (Taylor's Version) (From The Vault),5enxwA8aAbwZbf5qCHORXi,https://open.spotify.com/track/5enxwA8aAbwZbf5qCHORXi,1184369771,1184369771,0,same_total,1184369771
Wildest Dreams,4A4A6dwl5DqdqrZaEtKGPR,https://open.spotify.com/track/4A4A6dwl5DqdqrZaEtKGPR,1168490625,1168490625,0,same_total,1168490625
I Knew You Were Trouble.,72jCZdH0Lhg93z6Z4hBjgj,https://open.spotify.com/track/72jCZdH0Lhg93z6Z4hBjgj,1099216988,1099216988,0,same_total,1099216988
Don't Blame Me,1R0a2iXumgCiFb7HEZ7gUE,https://open.spotify.com/track/1R0a2iXumgCiFb7HEZ7gUE,1579865591,1579865591,0,same_total,1579865591
You Belong With Me (Taylor's Version),1qrpoAMXodY6895hGKoUpA,https://open.spotify.com/track/1qrpoAMXodY6895hGKoUpA,1073405675,1073405675,0,same_total,1073405675
Daylight,1fzAuUVbzlhZ1lJAx9PtY6,https://open.spotify.com/track/1fzAuUVbzlhZ1lJAx9PtY6,697097677,697097677,0,same_total,697097677
Dress,6oVxXO5oQ4pTpO8RSnkzvv,https://open.spotify.com/track/6oVxXO5oQ4pTpO8RSnkzvv,564010623,564010623,0,same_total,564010623
Father Figure,03bTIHJElXZ0O0jqOQvAbY,https://open.spotify.com/track/03bTIHJElXZ0O0jqOQvAbY,290810701,290810701,0,same_total,290810701
Delicate,6NFyWDv5CjfwuzoCkw47Xf,https://open.spotify.com/track/6NFyWDv5CjfwuzoCkw47Xf,1309166379,1309166379,0,same_total,1309166379
Anti-Hero,0V3wPSX9ygBnCm8psDIegu,https://open.spotify.com/track/0V3wPSX9ygBnCm8psDIegu,1987834749,1987834749,0,same_total,1987834749
You Belong With Me,7G6TDmGJXDoBaV6NGj3Yic,https://open.spotify.com/track/7G6TDmGJXDoBaV6NGj3Yic,817445037,817445037,0,same_total,817445037
Wi$h Li$t,2TEQvxxQabwLQMqWMg1qGu,https://open.spotify.com/track/2TEQvxxQabwLQMqWMg1qGu,256741006,256741006,0,same_total,256741006
The Life of a Showgirl (feat. Sabrina Carpenter),5eXgqtg3T8Av0m1FUaGHex,https://open.spotify.com/track/5eXgqtg3T8Av0m1FUaGHex,254567741,254567741,0,same_total,254567741
Love Story,5xPsybHWRHbTYO44xnREY5,https://open.spotify.com/track/5xPsybHWRHbTYO44xnREY5,1109956325,1109956325,0,same_total,1109956325
I Can Do It With a Broken Heart,4dgf2DYVJbtmy8zAYLs4c7,https://open.spotify.com/track/4dgf2DYVJbtmy8zAYLs4c7,808068972,808068972,0,same_total,808068972
Ruin The Friendship,62V2ZHslgQV98gH4AuVXnr,https://open.spotify.com/track/62V2ZHslgQV98gH4AuVXnr,208133945,208133945,0,same_total,208133945
"You're On Your Own, Kid",4D7BCuvgdJlYvlX5WlN54t,https://open.spotify.com/track/4D7BCuvgdJlYvlX5WlN54t,853286896,853286896,0,same_total,853286896
Actually Romantic,2x3mwb96B6TquRqMtbxUE1,https://open.spotify.com/track/2x3mwb96B6TquRqMtbxUE1,224299884,224299884,0,same_total,224299884
Wood,5ylJtmaWPJ33cW3En7WOu0,https://open.spotify.com/track/5ylJtmaWPJ33cW3En7WOu0,227573966,227573966,0,same_total,227573966
loml,3YkNIrAvbKNrrwwEd7NVLl,https://open.spotify.com/track/3YkNIrAvbKNrrwwEd7NVLl,360858347,360858347,0,same_total,360858347
So High School,1J1ldDi3rMQlRi49gaba0a,https://open.spotify.com/track/1J1ldDi3rMQlRi49gaba0a,396831949,396831949,0,same_total,396831949
Wildest Dreams (Taylor's Version),1K39ty6o1sHwwlZwO6a7wK,https://open.spotify.com/track/1K39ty6o1sHwwlZwO6a7wK,1012806418,1012806418,0,same_total,1012806418
CANCELLED!,1appZ3c336FkPvCuywfmrs,https://open.spotify.com/track/1appZ3c336FkPvCuywfmrs,217354656,217354656,0,same_total,217354656
Enchanted,04S1pkp1VaIqjg8zZqknR5,https://open.spotify.com/track/04S1pkp1VaIqjg8zZqknR5,1009614671,1009614671,0,same_total,1009614671
Getaway Car,0VE4kBnHJUgtMf0dy6DRmW,https://open.spotify.com/track/0VE4kBnHJUgtMf0dy6DRmW,906926008,906926008,0,same_total,906926008
...Ready For It?,2yLa0QULdQr0qAIvVwN6B5,https://open.spotify.com/track/2yLa0QULdQr0qAIvVwN6B5,1010311938,1010311938,0,same_total,1010311938
Look What You Made Me Do,1P17dC1amhFzptugyAO7Il,https://open.spotify.com/track/1P17dC1amhFzptugyAO7Il,1422304748,1422304748,0,same_total,1422304748
Honey,4qmFC3Jz5aQ0erlk2OSi2X,https://open.spotify.com/track/4qmFC3Jz5aQ0erlk2OSi2X,181208215,181208215,0,same_total,181208215
Eldest Daughter,62HoDY1Km6lm47haFpUn9c,https://open.spotify.com/track/62HoDY1Km6lm47haFpUn9c,200832421,200832421,0,same_total,200832421
Enchanted (Taylor's Version),3sW3oSbzsfecv9XoUdGs7h,https://open.spotify.com/track/3sW3oSbzsfecv9XoUdGs7h,510294662,510294662,0,same_total,510294662
Down Bad,2F3N9tdombb64aW6VtZOdo,https://open.spotify.com/track/2F3N9tdombb64aW6VtZOdo,520238272,520238272,0,same_total,520238272
Down Bad,212gSq8QwTqxjHJSEcMoEZ,https://open.spotify.com/track/212gSq8QwTqxjHJSEcMoEZ,520238272,520238272,0,same_total,520238272
The Man,3RauEVgRgj1IuWdJ9fDs70,https://open.spotify.com/track/3RauEVgRgj1IuWdJ9fDs70,1001502240,1001502240,0,same_total,1001502240
Call It What You Want,1GwMQaZz6Au3QLDbjbMdme,https://open.spotify.com/track/1GwMQaZz6Au3QLDbjbMdme,577607237,577607237,0,same_total,577607237
Out Of The Woods (Taylor's Version),045ZeOHPIzhxxsm8bq5kyE,https://open.spotify.com/track/045ZeOHPIzhxxsm8bq5kyE,256437572,256437572,0,same_total,256437572
right where you left me - bonus track,3zwMVvkBe2qIKDObWgXw4N,https://open.spotify.com/track/3zwMVvkBe2qIKDObWgXw4N,496330325,496330325,0,same_total,496330325
willow,0lx2cLdOt3piJbcaXIV74f,https://open.spotify.com/track/0lx2cLdOt3piJbcaXIV74f,1076840006,1076840006,0,same_total,1076840006
The Way I Loved You (Taylor's Version),22bPsP2jCgbLUvh82U0Z3M,https://open.spotify.com/track/22bPsP2jCgbLUvh82U0Z3M,581594623,581594623,0,same_total,581594623
Karma,45R112Jz5hQeKgITXgSXzs,https://open.spotify.com/track/45R112Jz5hQeKgITXgSXzs,1010319118,1010319118,0,same_total,1010319118
Style (Taylor's Version),1hjRhYpWyqDpPahmSlUTlc,https://open.spotify.com/track/1hjRhYpWyqDpPahmSlUTlc,419533446,419533446,0,same_total,419533446
Midnight Rain,3rWDp9tBPQR9z6U5YyRSK4,https://open.spotify.com/track/3rWDp9tBPQR9z6U5YyRSK4,847370661,847370661,0,same_total,847370661
Paper Rings,4y5bvROuBDPr5fuwXbIBZR,https://open.spotify.com/track/4y5bvROuBDPr5fuwXbIBZR,829958857,829958857,0,same_total,829958857
Red (Taylor's Version),4OAuvHryIVv4kMDNSLuPt6,https://open.spotify.com/track/4OAuvHryIVv4kMDNSLuPt6,438633683,438633683,0,same_total,438633683
Bad Blood,2NlmmAjGYrrjAp0MED5rGx,https://open.spotify.com/track/2NlmmAjGYrrjAp0MED5rGx,738514544,738514544,0,same_total,738514544
champagne problems,0sY6ZUTh4yoctD8VIXz339,https://open.spotify.com/track/0sY6ZUTh4yoctD8VIXz339,820968804,820968804,0,same_total,820968804
My Boy Only Breaks His Favorite Toys,2XXwLdtuAcE0HSCu61ijAb,https://open.spotify.com/track/2XXwLdtuAcE0HSCu61ijAb,402054588,402054588,0,same_total,402054588
Who's Afraid of Little Old Me?,6kl8thRysTeVV3WvKxgZAy,https://open.spotify.com/track/6kl8thRysTeVV3WvKxgZAy,429151833,429151833,0,same_total,429151833
We Are Never Ever Getting Back Together,7AEAGTc8cReDqcbPoY9gwo,https://open.spotify.com/track/7AEAGTc8cReDqcbPoY9gwo,797576768,797576768,0,same_total,797576768
The Archer,3pHkh7d0lzM2AldUtz2x37,https://open.spotify.com/track/3pHkh7d0lzM2AldUtz2x37,549436789,549436789,0,same_total,549436789
"So Long, London",3Vevii7qKqrmW8CcyzBHDl,https://open.spotify.com/track/3Vevii7qKqrmW8CcyzBHDl,418308509,418308509,0,same_total,418308509
You Need To Calm Down,6RRNNciQGZEXnqk8SQ9yv5,https://open.spotify.com/track/6RRNNciQGZEXnqk8SQ9yv5,1127246250,1127246250,0,same_total,1127246250
Labyrinth,4bBDkw2KBMX0tcgAaXC83Q,https://open.spotify.com/track/4bBDkw2KBMX0tcgAaXC83Q,396321627,396321627,0,same_total,396321627
All Too Well (Taylor's Version),3nsfB1vus2qaloUdcBZvDu,https://open.spotify.com/track/3nsfB1vus2qaloUdcBZvDu,380412515,380412515,0,same_total,380412515
Maroon,3eX0NZfLtGzoLUxPNvRfqm,https://open.spotify.com/track/3eX0NZfLtGzoLUxPNvRfqm,608426958,608426958,0,same_total,608426958
False God,5hQSXkFgbxjZo9uCwd11so,https://open.spotify.com/track/5hQSXkFgbxjZo9uCwd11so,370685220,370685220,0,same_total,370685220
Miss Americana & The Heartbreak Prince,214nt20w5wOxJnY462klLw,https://open.spotify.com/track/214nt20w5wOxJnY462klLw,555704113,555704113,0,same_total,555704113
The Prophecy,18WFFUIsewmA8g31KAeo3e,https://open.spotify.com/track/18WFFUIsewmA8g31KAeo3e,265185436,265185436,0,same_total,265185436
"""Slut!"" (Taylor's Version) (From The Vault)",0CD7DzeCsuPJygddqlUVYa,https://open.spotify.com/track/0CD7DzeCsuPJygddqlUVYa,443127943,443127943,0,same_total,443127943
The Smallest Man Who Ever Lived,4GBbcyrbDzwRtQjrsDRywK,https://open.spotify.com/track/4GBbcyrbDzwRtQjrsDRywK,335785027,335785027,0,same_total,335785027
imgonnagetyouback,1kcwpPDQnqEqmezzXdJTCP,https://open.spotify.com/track/1kcwpPDQnqEqmezzXdJTCP,251138473,251138473,0,same_total,251138473
Fearless (Taylor's Version),77sMIMlNaSURUAXq5coCxE,https://open.spotify.com/track/77sMIMlNaSURUAXq5coCxE,457527244,457527244,0,same_total,457527244
Florida!!! (feat. Florence + The Machine),3ZVFcD8Wlw9T9klGqmJf9F,https://open.spotify.com/track/3ZVFcD8Wlw9T9klGqmJf9F,326237354,326237354,0,same_total,326237354
The Alchemy,1tuNqJOtRQVHvONR8Lg3MZ,https://open.spotify.com/track/1tuNqJOtRQVHvONR8Lg3MZ,276238894,276238894,0,same_total,276238894
But Daddy I Love Him,5og4Qzt92jJzVDkOtSEilb,https://open.spotify.com/track/5og4Qzt92jJzVDkOtSEilb,371399881,371399881,0,same_total,371399881
But Daddy I Love Him,74sZKiwaGtSEEyjhDmi99y,https://open.spotify.com/track/74sZKiwaGtSEEyjhDmi99y,371399881,371399881,0,same_total,371399881
You're Losing Me (From The Vault),3CWq0pAKKTWb0K4yiglDc4,https://open.spotify.com/track/3CWq0pAKKTWb0K4yiglDc4,381899421,381899421,0,same_total,381899421
Fresh Out The Slammer,3fO566xJgwxIa3qGCGBvIC,https://open.spotify.com/track/3fO566xJgwxIa3qGCGBvIC,251352786,251352786,0,same_total,251352786
Lavender Haze,5jQI2r1RdgtuT8S3iG8zFC,https://open.spotify.com/track/5jQI2r1RdgtuT8S3iG8zFC,883799308,883799308,0,same_total,883799308
Bejeweled,3qoftcUZaUOncvIYjFSPdE,https://open.spotify.com/track/3qoftcUZaUOncvIYjFSPdE,709021578,709021578,0,same_total,709021578
Blank Space (Taylor's Version),45wMBGri1PORPjM9PwFfrS,https://open.spotify.com/track/45wMBGri1PORPjM9PwFfrS,363364506,363364506,0,same_total,363364506
The Tortured Poets Department,3NMrVbIVWT3fPXBj0rNDKG,https://open.spotify.com/track/3NMrVbIVWT3fPXBj0rNDKG,328441983,328441983,0,same_total,328441983
Back To December,5l6GqSxplqnZbLg0LTPQeG,https://open.spotify.com/track/5l6GqSxplqnZbLg0LTPQeG,498810440,498810440,0,same_total,498810440
I Did Something Bad,4svZDCRz4cJoneBpjpx8DJ,https://open.spotify.com/track/4svZDCRz4cJoneBpjpx8DJ,576359359,576359359,0,same_total,576359359
Cornelia Street,12M5uqx0ZuwkpLp5rJim1a,https://open.spotify.com/track/12M5uqx0ZuwkpLp5rJim1a,448217153,448217153,0,same_total,448217153
Afterglow,1SymEzIT3H8UZfibCs3TYi,https://open.spotify.com/track/1SymEzIT3H8UZfibCs3TYi,505854648,505854648,0,same_total,505854648
Is It Over Now? (Taylor's Version) (From The Vault),6IG3sQ8s9nfk6TUlVzRhbN,https://open.spotify.com/track/6IG3sQ8s9nfk6TUlVzRhbN,580210205,580210205,0,same_total,580210205
This Love (Taylor's Version),4WBEj8TeGtRPNJdOmT3WJW,https://open.spotify.com/track/4WBEj8TeGtRPNJdOmT3WJW,368607864,368607864,0,same_total,368607864
End Game,2x0WlnmfG39ZuDmstl9xfX,https://open.spotify.com/track/2x0WlnmfG39ZuDmstl9xfX,621491737,621491737,0,same_total,621491737
Gorgeous,1ZY1PqizIl78geGM4xWlEA,https://open.spotify.com/track/1ZY1PqizIl78geGM4xWlEA,737847408,737847408,0,same_total,737847408
Our Song,15DeqWWQB4dcEWzJg15VrN,https://open.spotify.com/track/15DeqWWQB4dcEWzJg15VrN,457866683,457866683,0,same_total,457866683
Now That We Don't Talk (Taylor's Version) (From The Vault),5QUIK7ZtziW8kGWo8RqopF,https://open.spotify.com/track/5QUIK7ZtziW8kGWo8RqopF,429097333,429097333,0,same_total,429097333
Snow On The Beach (feat. More Lana Del Rey),4zmKGsrXjLmljb5fTaBTot,https://open.spotify.com/track/4zmKGsrXjLmljb5fTaBTot,291526304,291526304,0,same_total,291526304
We Are Never Ever Getting Back Together (Taylor's Version),5YqltLsjdqFtvqE7Nrysvs,https://open.spotify.com/track/5YqltLsjdqFtvqE7Nrysvs,477190398,477190398,0,same_total,477190398
ME! (feat. Brendon Urie of Panic! At The Disco),2Rk4JlNc2TPmZe2af99d45,https://open.spotify.com/track/2Rk4JlNc2TPmZe2af99d45,976098664,976098664,0,same_total,976098664
The Black Dog,62E2nR0od0M5HYxuYLaDz7,https://open.spotify.com/track/62E2nR0od0M5HYxuYLaDz7,211207150,211207150,0,same_total,211207150
Hits Different,3xYJScVfxByb61dYHTwiby,https://open.spotify.com/track/3xYJScVfxByb61dYHTwiby,284293754,284293754,0,same_total,284293754
Everything Has Changed (feat. Ed Sheeran) (Taylor's Version),7qEUFOVcxRI19tbT68JcYK,https://open.spotify.com/track/7qEUFOVcxRI19tbT68JcYK,231189921,231189921,0,same_total,231189921
How Did It End?,5Bedn0svl0ZD7RGmJkmKKw,https://open.spotify.com/track/5Bedn0svl0ZD7RGmJkmKKw,215394332,215394332,0,same_total,215394332
Mr. Perfectly Fine (Taylor's Version) (From The Vault),2CYVETnhM9aytqrazYYwrK,https://open.spotify.com/track/2CYVETnhM9aytqrazYYwrK,469174114,469174114,0,same_total,469174114
Message In A Bottle (Taylor's Version) (From The Vault),3z6XUommYDWPHeFhmhhT6j,https://open.spotify.com/track/3z6XUommYDWPHeFhmhhT6j,282196808,282196808,0,same_total,282196808
The Bolter,2913xXOVAIDAqxzV2g4VcU,https://open.spotify.com/track/2913xXOVAIDAqxzV2g4VcU,161091313,161091313,0,same_total,161091313
tolerate it,0PurA4JVJ8YQgSVopY8fn6,https://open.spotify.com/track/0PurA4JVJ8YQgSVopY8fn6,433531276,433531276,0,same_total,433531276
King Of My Heart,7HuBDWi18s4aJM8UFnNheH,https://open.spotify.com/track/7HuBDWi18s4aJM8UFnNheH,368646089,368646089,0,same_total,368646089
London Boy,1LLXZFeAHK9R4xUramtUKw,https://open.spotify.com/track/1LLXZFeAHK9R4xUramtUKw,432233775,432233775,0,same_total,432233775
Back To December (Taylor's Version),79uDOz0zuuWS7HWxzMmTa2,https://open.spotify.com/track/79uDOz0zuuWS7HWxzMmTa2,298797048,298797048,0,same_total,298797048
Mastermind,1QQii3pa5m8MEda0nbkjfw,https://open.spotify.com/track/1QQii3pa5m8MEda0nbkjfw,457470523,457470523,0,same_total,457470523
Peter,3zMDGj4D8ogaYgAIZPeU7S,https://open.spotify.com/track/3zMDGj4D8ogaYgAIZPeU7S,169887409,169887409,0,same_total,169887409
The Great War,2VuqMjgoKaOHNM8HpxtXKx,https://open.spotify.com/track/2VuqMjgoKaOHNM8HpxtXKx,376049132,376049132,0,same_total,376049132
I Knew You Were Trouble (Taylor's Version),6AtZLIzUINvExIUy4QhdjP,https://open.spotify.com/track/6AtZLIzUINvExIUy4QhdjP,498345085,498345085,0,same_total,498345085
Chloe or Sam or Sophia or Marcus,1rmEsOezwf2lmIZTMAO5Ag,https://open.spotify.com/track/1rmEsOezwf2lmIZTMAO5Ag,163737423,163737423,0,same_total,163737423
22 (Taylor's Version),3yII7UwgLF6K5zW3xad3MP,https://open.spotify.com/track/3yII7UwgLF6K5zW3xad3MP,407976818,407976818,0,same_total,407976818
Better Than Revenge,1By2VQkUN0Frd8mKNV5NYC,https://open.spotify.com/track/1By2VQkUN0Frd8mKNV5NYC,247080680,247080680,0,same_total,247080680
All Of The Girls You Loved Before,4P9Q0GojKVXpRTJCaL3kyy,https://open.spotify.com/track/4P9Q0GojKVXpRTJCaL3kyy,477215844,477215844,0,same_total,477215844
22,2ULNeSomDxVNmdDy8VxEBU,https://open.spotify.com/track/2ULNeSomDxVNmdDy8VxEBU,461892462,461892462,0,same_total,461892462
I Hate It Here,3hlGuz3loYoLfI3bpwieWq,https://open.spotify.com/track/3hlGuz3loYoLfI3bpwieWq,173366045,173366045,0,same_total,173366045
Better Man (Taylor's Version) (From The Vault),4OmFmE0fzcMG6g0Y8p4eSD,https://open.spotify.com/track/4OmFmE0fzcMG6g0Y8p4eSD,202045813,202045813,0,same_total,202045813
Sweet Nothing,2L09RYwH5Pjzca6PmbUAw3,https://open.spotify.com/track/2L09RYwH5Pjzca6PmbUAw3,367233080,367233080,0,same_total,367233080
The Fate of Ophelia - Loud Luxury Remix,6PlBKImSl4AZoxBU7F649D,https://open.spotify.com/track/6PlBKImSl4AZoxBU7F649D,22751610,22751610,0,same_total,22751610
Vigilante Shit,1xwAWUI6Dj0WGC3KiUPN0O,https://open.spotify.com/track/1xwAWUI6Dj0WGC3KiUPN0O,510595268,510595268,0,same_total,510595268
You Are In Love (Taylor's Version),0TyGh27YQ5LknmiDhCzJiT,https://open.spotify.com/track/0TyGh27YQ5LknmiDhCzJiT,160552602,160552602,0,same_total,160552602
Say Don't Go (Taylor's Version) (From The Vault),3CCRVu4F91Qp2mnGjmWBrf,https://open.spotify.com/track/3CCRVu4F91Qp2mnGjmWBrf,282707851,282707851,0,same_total,282707851
Shake It Off (Taylor's Version),3pv7Q5v2dpdefwdWIvE7yH,https://open.spotify.com/track/3pv7Q5v2dpdefwdWIvE7yH,225814780,225814780,0,same_total,225814780
Begin Again (Taylor's Version),05GsNucq8Bngd9fnd4fRa0,https://open.spotify.com/track/05GsNucq8Bngd9fnd4fRa0,163652054,163652054,0,same_total,163652054
"Would've, Could've, Should've",4txojlesMFQZGWxwz2EeqB,https://open.spotify.com/track/4txojlesMFQZGWxwz2EeqB,361284171,361284171,0,same_total,361284171
Death By A Thousand Cuts,2dgFqt3w9xIQRjhPtwNk3D,https://open.spotify.com/track/2dgFqt3w9xIQRjhPtwNk3D,370456932,370456932,0,same_total,370456932
Mine (Taylor's Version),7G0gBu6nLdhFDPRLc0HdDG,https://open.spotify.com/track/7G0gBu6nLdhFDPRLc0HdDG,275728463,275728463,0,same_total,275728463
Snow On The Beach (feat. Lana Del Rey),1wtOxkiel43cVs0Yux5Q4h,https://open.spotify.com/track/1wtOxkiel43cVs0Yux5Q4h,519727796,519727796,0,same_total,519727796
Long Live (Taylor's Version),4hqJ4bSlYJOXb6Z4SRmzxs,https://open.spotify.com/track/4hqJ4bSlYJOXb6Z4SRmzxs,219578330,219578330,0,same_total,219578330
Welcome To New York,3nRmDz7qGCvsMS30rGGY0x,https://open.spotify.com/track/3nRmDz7qGCvsMS30rGGY0x,296559840,296559840,0,same_total,296559840
Dancing With Our Hands Tied,7I7JbDv63ZJJsSi24DyJrz,https://open.spotify.com/track/7I7JbDv63ZJJsSi24DyJrz,339209194,339209194,0,same_total,339209194
I Forgot That You Existed,43rA71bccXFGD4C8GOpIlN,https://open.spotify.com/track/43rA71bccXFGD4C8GOpIlN,413666138,413666138,0,same_total,413666138
marjorie,12ntTeqEeTg7GAVpe8Mhpl,https://open.spotify.com/track/12ntTeqEeTg7GAVpe8Mhpl,315498166,315498166,0,same_total,315498166
Crazier,5vyxXfD5gLlyPxGZMEjtmd,https://open.spotify.com/track/5vyxXfD5gLlyPxGZMEjtmd,144991745,144991745,0,same_total,144991745
evermore (feat. Bon Iver),3O5osWf1rSoKMwe6E9ZaXP,https://open.spotify.com/track/3O5osWf1rSoKMwe6E9ZaXP,299902985,299902985,0,same_total,299902985
I Bet You Think About Me (feat. Chris Stapleton) (Taylor's Version) (From The Vault),4CkgMiMqZ5JzW9iYXSTMTL,https://open.spotify.com/track/4CkgMiMqZ5JzW9iYXSTMTL,284380247,284380247,0,same_total,284380247
Nothing New (feat. Phoebe Bridgers) (Taylor's Version) (From The Vault),01K4zKU104LyJ8gMb7227B,https://open.spotify.com/track/01K4zKU104LyJ8gMb7227B,297751146,297751146,0,same_total,297751146
Out Of The Woods,0qUnBLZ8bJqUNEeQgayL9t,https://open.spotify.com/track/0qUnBLZ8bJqUNEeQgayL9t,365266413,365266413,0,same_total,365266413
I Can Fix Him (No Really I Can),5chnRTB9qMK3W1M41SnU9s,https://open.spotify.com/track/5chnRTB9qMK3W1M41SnU9s,184845949,184845949,0,same_total,184845949
New Romantics (Taylor's Version),5M787RexsAiVYjQusM98CV,https://open.spotify.com/track/5M787RexsAiVYjQusM98CV,219341825,219341825,0,same_total,219341825
I Can See You (Taylor's Version) (From The Vault),5kHMfzgLZP95O9NBy0ku4v,https://open.spotify.com/track/5kHMfzgLZP95O9NBy0ku4v,340630109,340630109,0,same_total,340630109
Clean (Taylor's Version),0lKUBmEyQfzsQHozyeXzES,https://open.spotify.com/track/0lKUBmEyQfzsQHozyeXzES,176618084,176618084,0,same_total,176618084
cowboy like me,1XjHRolIXL2M1EEOUsGGR4,https://open.spotify.com/track/1XjHRolIXL2M1EEOUsGGR4,256915098,256915098,0,same_total,256915098
Clara Bow,4d9PtIEVij9jW5OaLinH66,https://open.spotify.com/track/4d9PtIEVij9jW5OaLinH66,174457490,174457490,0,same_total,174457490
dorothea,670fUmXf4KQekzbEgaXyPA,https://open.spotify.com/track/670fUmXf4KQekzbEgaXyPA,230892856,230892856,0,same_total,230892856
gold rush,5BK0uqwY9DNfZ630STAEaq,https://open.spotify.com/track/5BK0uqwY9DNfZ630STAEaq,358376461,358376461,0,same_total,358376461
Bigger Than The Whole Sky,71CBDRKmF2VeRKYMG1DFBh,https://open.spotify.com/track/71CBDRKmF2VeRKYMG1DFBh,250060864,250060864,0,same_total,250060864
New Romantics,6rZVy6FIG7lSJQMFXHo12z,https://open.spotify.com/track/6rZVy6FIG7lSJQMFXHo12z,327965305,327965305,0,same_total,327965305
New Year's Day,7F5oktn5YOsR9eR5YsFtqb,https://open.spotify.com/track/7F5oktn5YOsR9eR5YsFtqb,271709934,271709934,0,same_total,271709934
The Albatross,4EF6IyONolQy0bIQXm2EmX,https://open.spotify.com/track/4EF6IyONolQy0bIQXm2EmX,143962844,143962844,0,same_total,143962844
Everything Has Changed,7gdwoOmi258QJq0hmQ4hto,https://open.spotify.com/track/7gdwoOmi258QJq0hmQ4hto,313357560,313357560,0,same_total,313357560
Welcome To New York (Taylor's Version),1hR8BSuEqPCCZfv93zzzz9,https://open.spotify.com/track/1hR8BSuEqPCCZfv93zzzz9,185000861,185000861,0,same_total,185000861
I Think He Knows,2YWtcWi3a83pdEg3Gif4Pd,https://open.spotify.com/track/2YWtcWi3a83pdEg3Gif4Pd,345470707,345470707,0,same_total,345470707
ivy,19CSr8rwW05VJL2F91KFNK,https://open.spotify.com/track/19CSr8rwW05VJL2F91KFNK,285689045,285689045,0,same_total,285689045
Question...?,0heeNYlwOGuUSe7TgUD27B,https://open.spotify.com/track/0heeNYlwOGuUSe7TgUD27B,361765551,361765551,0,same_total,361765551
Last Kiss (Taylor's Version),59KOoHFcw5XfICnO57holu,https://open.spotify.com/track/59KOoHFcw5XfICnO57holu,136867257,136867257,0,same_total,136867257
"no body, no crime (feat. HAIM)",3RaT22zZsxVYxxKR7TAaYF,https://open.spotify.com/track/3RaT22zZsxVYxxKR7TAaYF,347297228,347297228,0,same_total,347297228
White Horse (Taylor's Version),5YL553x8sHderRBDlm3NM3,https://open.spotify.com/track/5YL553x8sHderRBDlm3NM3,153285753,153285753,0,same_total,153285753
I Look in People's Windows,1Zai5UJ2di3qEuR2HeT2s8,https://open.spotify.com/track/1Zai5UJ2di3qEuR2HeT2s8,130644804,130644804,0,same_total,130644804
All You Had To Do Was Stay (Taylor's Version),6GXgd1BPD9bUpqw5AntGV5,https://open.spotify.com/track/6GXgd1BPD9bUpqw5AntGV5,158740802,158740802,0,same_total,158740802
happiness,73YUReisjb3A9ActdLLjJQ,https://open.spotify.com/track/73YUReisjb3A9ActdLLjJQ,243888167,243888167,0,same_total,243888167
Picture To Burn,32mVHdy0bi1XKgr0ajsBlG,https://open.spotify.com/track/32mVHdy0bi1XKgr0ajsBlG,253215490,253215490,0,same_total,253215490
Sparks Fly (Taylor's Version),3MytWN8L7shNYzGl4tAKRp,https://open.spotify.com/track/3MytWN8L7shNYzGl4tAKRp,186380542,186380542,0,same_total,186380542
The Manuscript,1DTRUYVd8rYpla9hhVVwjo,https://open.spotify.com/track/1DTRUYVd8rYpla9hhVVwjo,106791830,106791830,0,same_total,106791830
'tis the damn season,6sQckd3Z8NPxVVKUnavY1F,https://open.spotify.com/track/6sQckd3Z8NPxVVKUnavY1F,339888066,339888066,0,same_total,339888066
Paris,5tWxKWq1DSP1s9WQ5PWuqu,https://open.spotify.com/track/5tWxKWq1DSP1s9WQ5PWuqu,240526845,240526845,0,same_total,240526845
So It Goes...,5PxFv9yJEg9dxvbZggykro,https://open.spotify.com/track/5PxFv9yJEg9dxvbZggykro,246008286,246008286,0,same_total,246008286
Red,0cITLOYn1Sv4q27zZPqlNK,https://open.spotify.com/track/0cITLOYn1Sv4q27zZPqlNK,294234380,294234380,0,same_total,294234380
Bad Blood (feat. Kendrick Lamar),6xsEAm6w9oMQYYg3jkEkMT,https://open.spotify.com/track/6xsEAm6w9oMQYYg3jkEkMT,226351639,226351639,0,same_total,226351639
thanK you aIMee,7ogK4lJDVDMU6A6vYR5rvD,https://open.spotify.com/track/7ogK4lJDVDMU6A6vYR5rvD,134987387,134987387,0,same_total,134987387
Come Back...Be Here (Taylor's Version),4pNApnaUWAL2J4KO2eqokq,https://open.spotify.com/track/4pNApnaUWAL2J4KO2eqokq,158557963,158557963,0,same_total,158557963
The Very First Night (Taylor's Version) (From The Vault),6pYNq0ZwpPVazKzsqpf0G8,https://open.spotify.com/track/6pYNq0ZwpPVazKzsqpf0G8,228061665,228061665,0,same_total,228061665
long story short,2o2sgVJIgFXk8GQjWTgI6U,https://open.spotify.com/track/2o2sgVJIgFXk8GQjWTgI6U,258919732,258919732,0,same_total,258919732
Bad Blood (Taylor's Version),64FzgoLZ3oXu2SriZblHic,https://open.spotify.com/track/64FzgoLZ3oXu2SriZblHic,152442167,152442167,0,same_total,152442167
This Is Why We Can't Have Nice Things,07NxDD1iKCHbAldceD7QLP,https://open.spotify.com/track/07NxDD1iKCHbAldceD7QLP,282146306,282146306,0,same_total,282146306
The Fate of Ophelia - The Chainsmokers Remix,3JNaLxAymiSUMrmjOarjeo,https://open.spotify.com/track/3JNaLxAymiSUMrmjOarjeo,14524210,14524210,0,same_total,14524210
Cassandra,0g4fMVo4JjwnIpTfFfLdxS,https://open.spotify.com/track/0g4fMVo4JjwnIpTfFfLdxS,122853261,122853261,0,same_total,122853261
Mean,0KztjtD3ytzgYjUKIVfBnW,https://open.spotify.com/track/0KztjtD3ytzgYjUKIVfBnW,265891015,265891015,0,same_total,265891015
Fearless,6zV8AVM9eVfdG7Qahwd64R,https://open.spotify.com/track/6zV8AVM9eVfdG7Qahwd64R,148461514,148461514,0,same_total,148461514
Wonderland (Taylor's Version),6HRsJu8vcnzYDN4t0570FY,https://open.spotify.com/track/6HRsJu8vcnzYDN4t0570FY,122184391,122184391,0,same_total,122184391
The Last Time (feat. Gary Lightbody of Snow Patrol) (Taylor's Version),0y6kdSRCVQhSsHSpWvTUm7,https://open.spotify.com/track/0y6kdSRCVQhSsHSpWvTUm7,163725344,163725344,0,same_total,163725344
Dear Reader,10GRRCR5fctuOF4GFmATJI,https://open.spotify.com/track/10GRRCR5fctuOF4GFmATJI,176483914,176483914,0,same_total,176483914
Teardrops On My Guitar - Radio Single Remix,7zMcNqs55Mxer82bvZFkpg,https://open.spotify.com/track/7zMcNqs55Mxer82bvZFkpg,263264974,263264974,0,same_total,263264974
I Wish You Would (Taylor's Version),43y1WpBdnEy5TR9aZoSQL9,https://open.spotify.com/track/43y1WpBdnEy5TR9aZoSQL9,137480097,137480097,0,same_total,137480097
coney island (feat. The National),3k7ne7VmH43ZPWxPdvPUgR,https://open.spotify.com/track/3k7ne7VmH43ZPWxPdvPUgR,232152724,232152724,0,same_total,232152724
The Story Of Us (Taylor's Version),6dTA6y0C2ReQklntzZl8l3,https://open.spotify.com/track/6dTA6y0C2ReQklntzZl8l3,146590179,146590179,0,same_total,146590179
Foolish One (Taylor's Version) (From The Vault),4s8BIKx4Zh6ryAEz8RTlaU,https://open.spotify.com/track/4s8BIKx4Zh6ryAEz8RTlaU,136126497,136126497,0,same_total,136126497
How You Get The Girl (Taylor's Version),733OhaXQIHY7BKtY3vnSkn,https://open.spotify.com/track/733OhaXQIHY7BKtY3vnSkn,122011785,122011785,0,same_total,122011785
High Infidelity,1SztNGCwEHJEVFx90E5g7D,https://open.spotify.com/track/1SztNGCwEHJEVFx90E5g7D,200014061,200014061,0,same_total,200014061
Opalite - BUNT. Remix,0E3Vtmgzk067KASoo0HwzV,https://open.spotify.com/track/0E3Vtmgzk067KASoo0HwzV,4231140,4231140,0,same_total,4231140
Robin,2CnjDMdpRjlWv04Xk3s6MW,https://open.spotify.com/track/2CnjDMdpRjlWv04Xk3s6MW,93951030,93951030,0,same_total,93951030
Babe (Taylor's Version) (From The Vault),0v4z1tuZvn6LGknom9Qx7d,https://open.spotify.com/track/0v4z1tuZvn6LGknom9Qx7d,166970186,166970186,0,same_total,166970186
Suburban Legends (Taylor's Version) (From The Vault),6M9ppdfFjR1AbpUl3Y8DcV,https://open.spotify.com/track/6M9ppdfFjR1AbpUl3Y8DcV,158864627,158864627,0,same_total,158864627
Haunted (Taylor's Version),4tMzIAFTFdqGBQLdfbPces,https://open.spotify.com/track/4tMzIAFTFdqGBQLdfbPces,126306480,126306480,0,same_total,126306480
Untouchable (Taylor's Version),0tQ9vBYpldCuikPsbgOVKA,https://open.spotify.com/track/0tQ9vBYpldCuikPsbgOVKA,85402464,85402464,0,same_total,85402464
Better Than Revenge (Taylor's Version),0NwGC0v03ysCYINtg6ns58,https://open.spotify.com/track/0NwGC0v03ysCYINtg6ns58,181079541,181079541,0,same_total,181079541
I Know Places (Taylor's Version),1ULabO0PEsdJekqVH6G10G,https://open.spotify.com/track/1ULabO0PEsdJekqVH6G10G,118702789,118702789,0,same_total,118702789
Mine,6LZaxlycSWrJZ4Volb25qx,https://open.spotify.com/track/6LZaxlycSWrJZ4Volb25qx,251812817,251812817,0,same_total,251812817
Timeless (Taylor's Version) (From The Vault),1HCdems7PQZRj42QDWLA0A,https://open.spotify.com/track/1HCdems7PQZRj42QDWLA0A,128536878,128536878,0,same_total,128536878
Speak Now (Taylor's Version),5xXqyjLicvEpch72qEryFT,https://open.spotify.com/track/5xXqyjLicvEpch72qEryFT,145724308,145724308,0,same_total,145724308
it's time to go - bonus track,1kdWw77ZpYOkhxeuhzU1j6,https://open.spotify.com/track/1kdWw77ZpYOkhxeuhzU1j6,149388402,149388402,0,same_total,149388402
State Of Grace (Taylor's Version),6lzc0Al0zfZOIFsFvBS1ki,https://open.spotify.com/track/6lzc0Al0zfZOIFsFvBS1ki,161867025,161867025,0,same_total,161867025
All You Had To Do Was Stay,6aLOekfwbytwWvQftxTEF0,https://open.spotify.com/track/6aLOekfwbytwWvQftxTEF0,245762531,245762531,0,same_total,245762531
Sparks Fly,46NGAvL695VnbcSeTmQWmM,https://open.spotify.com/track/46NGAvL695VnbcSeTmQWmM,209210449,209210449,0,same_total,209210449
I Almost Do (Taylor's Version),2r9CbjYgFhtAmcFv1cSquB,https://open.spotify.com/track/2r9CbjYgFhtAmcFv1cSquB,125723137,125723137,0,same_total,125723137
Dear John (Taylor's Version),1zU8j1x3yi9xalMF96pzKp,https://open.spotify.com/track/1zU8j1x3yi9xalMF96pzKp,149672452,149672452,0,same_total,149672452
Lover (Remix) [feat. Shawn Mendes],3i9UVldZOE0aD0JnyfAZZ0,https://open.spotify.com/track/3i9UVldZOE0aD0JnyfAZZ0,330915653,330915653,0,same_total,330915653
Sad Beautiful Tragic (Taylor's Version),73qMN9bXy7MSPwwGfH3wQr,https://open.spotify.com/track/73qMN9bXy7MSPwwGfH3wQr,135559170,135559170,0,same_total,135559170
Opalite - Ely Oaks Remix,5t1wMjV9ldVDdYs4l7mG2g,https://open.spotify.com/track/5t1wMjV9ldVDdYs4l7mG2g,2376026,2376026,0,same_total,2376026
Wi$h Li$t - Settled Down Acoustic Version,1qwClaxDb5fCrLjXaAmB35,https://open.spotify.com/track/1qwClaxDb5fCrLjXaAmB35,13883848,13883848,0,same_total,13883848
Should've Said No,16MVSD0mGI4RMQT83Qzm69,https://open.spotify.com/track/16MVSD0mGI4RMQT83Qzm69,156960048,156960048,0,same_total,156960048
Soon You'll Get Better (feat. The Chicks),4AYtqFyFbX0Xkc2wtcygTr,https://open.spotify.com/track/4AYtqFyFbX0Xkc2wtcygTr,178641987,178641987,0,same_total,178641987
Never Grow Up (Taylor's Version),2EFZ9emtKWEglWUQGEQ3P9,https://open.spotify.com/track/2EFZ9emtKWEglWUQGEQ3P9,89073195,89073195,0,same_total,89073195
All Too Well (Sad Girl Autumn Version) - Recorded at Long Pond Studios,1n3b9Eekoy3S9ZSZ5DmTW1,https://open.spotify.com/track/1n3b9Eekoy3S9ZSZ5DmTW1,73447252,73447252,0,same_total,73447252
Glitch,7C0w28EsX0Um2FrZs9gso2,https://open.spotify.com/track/7C0w28EsX0Um2FrZs9gso2,157967227,157967227,0,same_total,157967227
Forever & Always (Taylor's Version),1msEuwSBneBKpVCZQcFTsU,https://open.spotify.com/track/1msEuwSBneBKpVCZQcFTsU,147625818,147625818,0,same_total,147625818
Bad Blood (feat. Kendrick Lamar) (Taylor's Version),6qAcApH8obo8eqatCKUHd9,https://open.spotify.com/track/6qAcApH8obo8eqatCKUHd9,136514822,136514822,0,same_total,136514822
Mean (Taylor's Version),30Y4CV7A6YqtQtTTo7Ue4j,https://open.spotify.com/track/30Y4CV7A6YqtQtTTo7Ue4j,139026598,139026598,0,same_total,139026598
Electric Touch (feat. Fall Out Boy) (Taylor's Version) (From The Vault),4e3ZNTAV6PCrdYMUrUlMpQ,https://open.spotify.com/track/4e3ZNTAV6PCrdYMUrUlMpQ,122245773,122245773,0,same_total,122245773
Tim McGraw,0Om9WAB5RS09L80DyOfTNa,https://open.spotify.com/track/0Om9WAB5RS09L80DyOfTNa,165597953,165597953,0,same_total,165597953
Treacherous (Taylor's Version),3S7HNKPakdwNEBFIVTL6dZ,https://open.spotify.com/track/3S7HNKPakdwNEBFIVTL6dZ,145047530,145047530,0,same_total,145047530
Castles Crumbling (feat. Hayley Williams) (Taylor's Version) (From The Vault),4ABYxlb92WBIjHu7TIKmml,https://open.spotify.com/track/4ABYxlb92WBIjHu7TIKmml,116544040,116544040,0,same_total,116544040
If This Was A Movie (Taylor's Version),0kAZ3H6G9Zac4PMpmobMkj,https://open.spotify.com/track/0kAZ3H6G9Zac4PMpmobMkj,95705210,95705210,0,same_total,95705210
If This Was A Movie (Taylor's Version),0q6vsjvnCIWrtwRckCV7y0,https://open.spotify.com/track/0q6vsjvnCIWrtwRckCV7y0,95705210,95705210,0,same_total,95705210
closure,35rdVq36LMHQX0Suw9a6tK,https://open.spotify.com/track/35rdVq36LMHQX0Suw9a6tK,156825162,156825162,0,same_total,156825162
Holy Ground (Taylor's Version),7J4b3LVCIGO4CMBDFLPoP6,https://open.spotify.com/track/7J4b3LVCIGO4CMBDFLPoP6,117748395,117748395,0,same_total,117748395
How You Get The Girl,6wfugRLamFsTRbPcCpNnP7,https://open.spotify.com/track/6wfugRLamFsTRbPcCpNnP7,193529013,193529013,0,same_total,193529013
Fifteen (Taylor's Version),2nqio0SfWg6gh2eCtfuMa5,https://open.spotify.com/track/2nqio0SfWg6gh2eCtfuMa5,132759895,132759895,0,same_total,132759895
The Fate of Ophelia - Alone In My Tower Acoustic Version,3Z2nTctPsTsgqqJm5fCSvG,https://open.spotify.com/track/3Z2nTctPsTsgqqJm5fCSvG,16129169,16129169,0,same_total,16129169
Hey Stephen (Taylor's Version),550erGcdD9n6PnwxrvYqZT,https://open.spotify.com/track/550erGcdD9n6PnwxrvYqZT,119160780,119160780,0,same_total,119160780
Clean,4bXCcoesMt8u99xMsbLr9U,https://open.spotify.com/track/4bXCcoesMt8u99xMsbLr9U,215833524,215833524,0,same_total,215833524
The Other Side Of The Door (Taylor's Version),1cSFlSBdpT4F5vb1frQ231,https://open.spotify.com/track/1cSFlSBdpT4F5vb1frQ231,97208588,97208588,0,same_total,97208588
It's Nice To Have A Friend,1SmiQ65iSAbPto6gPFlBYm,https://open.spotify.com/track/1SmiQ65iSAbPto6gPFlBYm,162076538,162076538,0,same_total,162076538
Last Kiss,1D27z8xNzjW0Mwwt1NCWhJ,https://open.spotify.com/track/1D27z8xNzjW0Mwwt1NCWhJ,139817422,139817422,0,same_total,139817422
All Too Well,4XMP3zVxrnr58T0tjIHvpR,https://open.spotify.com/track/4XMP3zVxrnr58T0tjIHvpR,271349646,271349646,0,same_total,271349646
When Emma Falls in Love (Taylor's Version) (From The Vault),0zo975x58DlXbZllWvfYhg,https://open.spotify.com/track/0zo975x58DlXbZllWvfYhg,110430068,110430068,0,same_total,110430068
Safe & Sound - from The Hunger Games Soundtrack,0z9UVN8VBHJ9HdfYsOuuNf,https://open.spotify.com/track/0z9UVN8VBHJ9HdfYsOuuNf,256408508,256408508,0,same_total,256408508
You're Not Sorry (Taylor's Version),6iiAfo4wTA2CVC3Uwx9uh8,https://open.spotify.com/track/6iiAfo4wTA2CVC3Uwx9uh8,98212019,98212019,0,same_total,98212019
Forever Winter (Taylor's Version) (From The Vault),3oGVx9RBmiYGv5ZCecWLkx,https://open.spotify.com/track/3oGVx9RBmiYGv5ZCecWLkx,122356423,122356423,0,same_total,122356423
Long Live,6XDBA3QWX51lDJ0oZbaJJN,https://open.spotify.com/track/6XDBA3QWX51lDJ0oZbaJJN,116887765,116887765,0,same_total,116887765
Opalite - Life Is A Song Acoustic Version,7y16ygjcEcfo1VYKxmgVZY,https://open.spotify.com/track/7y16ygjcEcfo1VYKxmgVZY,9763978,9763978,0,same_total,9763978
Starlight (Taylor's Version),7A2cNLRT0YJc1yjxHlKihs,https://open.spotify.com/track/7A2cNLRT0YJc1yjxHlKihs,94218421,94218421,0,same_total,94218421
Ours (Taylor's Version),3yNJkriPzWjkkDAWHIAVUq,https://open.spotify.com/track/3yNJkriPzWjkkDAWHIAVUq,81984860,81984860,0,same_total,81984860
The Lucky One (Taylor's Version),4e5ayHsOLJNLTGfjau2mEw,https://open.spotify.com/track/4e5ayHsOLJNLTGfjau2mEw,100615527,100615527,0,same_total,100615527
The Way I Loved You,77VotUUL79U10TAnYdqwvr,https://open.spotify.com/track/77VotUUL79U10TAnYdqwvr,83523155,83523155,0,same_total,83523155
Run (feat. Ed Sheeran) (Taylor's Version) (From The Vault),4IQkfUsrwXol38VV3U7t7T,https://open.spotify.com/track/4IQkfUsrwXol38VV3U7t7T,167157228,167157228,0,same_total,167157228
Safe & Sound (feat. Joy Williams and John Paul White) (Taylor's Version),2RJnNdu4pb3MypbBroHU0T,https://open.spotify.com/track/2RJnNdu4pb3MypbBroHU0T,82655653,82655653,0,same_total,82655653
Safe & Sound (feat. Joy Williams and John Paul White) (Taylor's Version),6Q237Ts37YGYRIi5Vy5lVX,https://open.spotify.com/track/6Q237Ts37YGYRIi5Vy5lVX,82655653,82655653,0,same_total,82655653
Speak Now,7dXKdjpOaH2iwfFKmUj7aq,https://open.spotify.com/track/7dXKdjpOaH2iwfFKmUj7aq,161754855,161754855,0,same_total,161754855
The Moment I Knew (Taylor's Version),0NRHj8hDwwmSPaA41o379r,https://open.spotify.com/track/0NRHj8hDwwmSPaA41o379r,95422332,95422332,0,same_total,95422332
Breathe (feat. Colbie Caillat) (Taylor's Version),7HC7R2D8WjXVcUHJyEGjRs,https://open.spotify.com/track/7HC7R2D8WjXVcUHJyEGjRs,87568360,87568360,0,same_total,87568360
I Wish You Would,5gRYrtvyVyaCRvLt56OfuV,https://open.spotify.com/track/5gRYrtvyVyaCRvLt56OfuV,168001818,168001818,0,same_total,168001818
Wonderland,6iWMI5oOhWrDbLbjmwTWFq,https://open.spotify.com/track/6iWMI5oOhWrDbLbjmwTWFq,165933159,165933159,0,same_total,165933159
Stay Stay Stay (Taylor's Version),7eQj6r5PIdYKEIZjucBMcq,https://open.spotify.com/track/7eQj6r5PIdYKEIZjucBMcq,113472524,113472524,0,same_total,113472524
Don't You (Taylor's Version) (From The Vault),4uuEGH5SVuzkkSFjo2DEiY,https://open.spotify.com/track/4uuEGH5SVuzkkSFjo2DEiY,92950489,92950489,0,same_total,92950489
You Are In Love,4A2LfnduSTsE8u0ecYROxE,https://open.spotify.com/track/4A2LfnduSTsE8u0ecYROxE,159654610,159654610,0,same_total,159654610
Fortnight (feat. Post Malone) - BLOND:ISH Remix,1gejz5ROvJBUb6WJzkMAcc,https://open.spotify.com/track/1gejz5ROvJBUb6WJzkMAcc,40536811,40536811,0,same_total,40536811
Karma (feat. Ice Spice),4i6cwNY6oIUU2XZxPIw82Y,https://open.spotify.com/track/4i6cwNY6oIUU2XZxPIw82Y,114243293,114243293,0,same_total,114243293
Begin Again,48A0aShHlovDfTMucMrE66,https://open.spotify.com/track/48A0aShHlovDfTMucMrE66,144560370,144560370,0,same_total,144560370
That's When (feat. Keith Urban) (Taylor's Version) (From The Vault),7eResoqEJJAVTkQYSqvO3P,https://open.spotify.com/track/7eResoqEJJAVTkQYSqvO3P,100569499,100569499,0,same_total,100569499
Jump Then Fall (Taylor's Version),2m3ObD945KvpE5y9A1eUWm,https://open.spotify.com/track/2m3ObD945KvpE5y9A1eUWm,76489411,76489411,0,same_total,76489411
Haunted,11UaQaEp2LvdspTyyuE3ur,https://open.spotify.com/track/11UaQaEp2LvdspTyyuE3ur,118540119,118540119,0,same_total,118540119
White Horse,1yFjBRQVhRdcdnrTE5LuyD,https://open.spotify.com/track/1yFjBRQVhRdcdnrTE5LuyD,125519988,125519988,0,same_total,125519988
Dear John,3K2es3gElMRJ3qvmPW442g,https://open.spotify.com/track/3K2es3gElMRJ3qvmPW442g,155623576,155623576,0,same_total,155623576
The Best Day (Taylor's Version),6ON9UuIq49xXY9GPmHIYRp,https://open.spotify.com/track/6ON9UuIq49xXY9GPmHIYRp,71102119,71102119,0,same_total,71102119
Today Was A Fairytale (Taylor's Version),2JoJrsEV15OzbijS47lids,https://open.spotify.com/track/2JoJrsEV15OzbijS47lids,72654267,72654267,0,same_total,72654267
Cornelia Street - Live From Paris,3fGnrtrtL1IHSX9t4DKOYf,https://open.spotify.com/track/3fGnrtrtL1IHSX9t4DKOYf,83455111,83455111,0,same_total,83455111
Cruel Summer - LP Giobbi Remix,37jfioVu3Bd2Du9bteXNDU,https://open.spotify.com/track/37jfioVu3Bd2Du9bteXNDU,44631018,44631018,0,same_total,44631018
State Of Grace (Acoustic Version) (Taylor's Version),5jAIouBES8LWMiriuNq170,https://open.spotify.com/track/5jAIouBES8LWMiriuNq170,72138252,72138252,0,same_total,72138252
You All Over Me (feat. Maren Morris) (Taylor's Version) (From The Vault),4CHpVfAhuxNJ3ibExe6kxO,https://open.spotify.com/track/4CHpVfAhuxNJ3ibExe6kxO,132767351,132767351,0,same_total,132767351
You All Over Me (feat. Maren Morris) (Taylor's Version) (From The Vault),5pcjystBtalYeqaiXCcgEY,https://open.spotify.com/track/5pcjystBtalYeqaiXCcgEY,132767351,132767351,0,same_total,132767351
Innocent (Taylor's Version),12nBPF4Rh4XLFJV0YLN7uj,https://open.spotify.com/track/12nBPF4Rh4XLFJV0YLN7uj,67431207,67431207,0,same_total,67431207
Opalite - Chris Lake Remix,0ttGLmxI0mAkMblE6iRm2S,https://open.spotify.com/track/0ttGLmxI0mAkMblE6iRm2S,2292745,2292745,0,same_total,2292745
Fifteen,4yf9OivCH2lmQWN8mzpCC6,https://open.spotify.com/track/4yf9OivCH2lmQWN8mzpCC6,131439977,131439977,0,same_total,131439977
Girl At Home (Taylor's Version),0DMVrlMUn01M0IcpDbwgu7,https://open.spotify.com/track/0DMVrlMUn01M0IcpDbwgu7,77922446,77922446,0,same_total,77922446
This Love,1kTPQnabROVkW9bUXdCGrB,https://open.spotify.com/track/1kTPQnabROVkW9bUXdCGrB,120626411,120626411,0,same_total,120626411
Ruin The Friendship - My Advice Version,6hKfPNnVlA2cgTgKj6Vgcw,https://open.spotify.com/track/6hKfPNnVlA2cgTgKj6Vgcw,7442584,7442584,0,same_total,7442584
I Know Places,2zfgVd034GlUvk7LqBHl6u,https://open.spotify.com/track/2zfgVd034GlUvk7LqBHl6u,146425834,146425834,0,same_total,146425834
Forever & Always (Piano Version) (Taylor's Version),01QdEx6kFr78ZejhQtWR5m,https://open.spotify.com/track/01QdEx6kFr78ZejhQtWR5m,68950867,68950867,0,same_total,68950867
I'm Only Me When I'm With You,0JIdBrXGSJXS72zjF9ss9u,https://open.spotify.com/track/0JIdBrXGSJXS72zjF9ss9u,67516268,67516268,0,same_total,67516268
Superman (Taylor's Version),4evLyY5Ue1Wesc61t2KXAU,https://open.spotify.com/track/4evLyY5Ue1Wesc61t2KXAU,57681609,57681609,0,same_total,57681609
A Place in this World,73OX8GdpOeGzKC6OvGSbsv,https://open.spotify.com/track/73OX8GdpOeGzKC6OvGSbsv,56748700,56748700,0,same_total,56748700
Never Grow Up,3JilapcaOXzjR9gtvCY8FO,https://open.spotify.com/track/3JilapcaOXzjR9gtvCY8FO,99279615,99279615,0,same_total,99279615
Mary's Song (Oh My My My),2QrQCMel6v2JiLxqrg4p2O,https://open.spotify.com/track/2QrQCMel6v2JiLxqrg4p2O,63011134,63011134,0,same_total,63011134
Tell Me Why (Taylor's Version),0k0vFacOHNuArLWMiH60p7,https://open.spotify.com/track/0k0vFacOHNuArLWMiH60p7,74693143,74693143,0,same_total,74693143
Elizabeth Taylor - So Glamorous Cabaret Version,4UBWugj5D20ZveyzdGpqvD,https://open.spotify.com/track/4UBWugj5D20ZveyzdGpqvD,8509466,8509466,0,same_total,8509466
Babe (feat. Taylor Swift),40PXEOFLJc7UIpLMrhSfW1,https://open.spotify.com/track/40PXEOFLJc7UIpLMrhSfW1,122863334,122863334,0,same_total,122863334
Delicate - Recorded at The Tracking Room Nashville,1Fj0T1XKuhRu7EZzJ7NJIK,https://open.spotify.com/track/1Fj0T1XKuhRu7EZzJ7NJIK,52486581,52486581,0,same_total,52486581
Cold As You,7an1exwMnfYRcdVQm0yDev,https://open.spotify.com/track/7an1exwMnfYRcdVQm0yDev,57969790,57969790,0,same_total,57969790
Teardrops on My Guitar - Pop Version,4pJi1rVt9GNegU9kywjg4z,https://open.spotify.com/track/4pJi1rVt9GNegU9kywjg4z,46645711,46645711,0,same_total,46645711
Anti-Hero - Kungs Remix,2oWpe2L8ypC080BxpDVuTY,https://open.spotify.com/track/2oWpe2L8ypC080BxpDVuTY,40783080,40783080,0,same_total,40783080
Only The Young - Featured in Miss Americana,2slqvGLwzZZYsT4K4Y1GBC,https://open.spotify.com/track/2slqvGLwzZZYsT4K4Y1GBC,139902220,139902220,0,same_total,139902220
We Were Happy (Taylor's Version) (From The Vault),34V9RiEPe8MNdU32qJsJa1,https://open.spotify.com/track/34V9RiEPe8MNdU32qJsJa1,75495941,75495941,0,same_total,75495941
Change (Taylor's Version),3ExweHKZF9B752DPQByRVT,https://open.spotify.com/track/3ExweHKZF9B752DPQByRVT,58660770,58660770,0,same_total,58660770
Ronan (Taylor's Version),7nWui6jiMM2m9qFmET1Mtj,https://open.spotify.com/track/7nWui6jiMM2m9qFmET1Mtj,58098840,58098840,0,same_total,58098840
Fortnight (feat. Post Malone) - Acoustic Version,2BUTSRKPGRsyc9FnsC5Udd,https://open.spotify.com/track/2BUTSRKPGRsyc9FnsC5Udd,20531098,20531098,0,same_total,20531098
Wildest Dreams - R3hab Remix,5VDHMi7own9vDZjiwDES1e,https://open.spotify.com/track/5VDHMi7own9vDZjiwDES1e,17036378,17036378,0,same_total,17036378
Come In With The Rain (Taylor's Version),1n2wszmJyVkw6FHqyLnQsY,https://open.spotify.com/track/1n2wszmJyVkw6FHqyLnQsY,53701665,53701665,0,same_total,53701665
Bye Bye Baby (Taylor's Version) (From The Vault),4qUijfYU8EoIWiY6oSyrgT,https://open.spotify.com/track/4qUijfYU8EoIWiY6oSyrgT,70783477,70783477,0,same_total,70783477
Stay Beautiful,2ZoOmCSgj0ypVAmGd1ve4y,https://open.spotify.com/track/2ZoOmCSgj0ypVAmGd1ve4y,46653479,46653479,0,same_total,46653479
Tied Together with a Smile,6K0CJLVXqbGMeJSmJ4ENKK,https://open.spotify.com/track/6K0CJLVXqbGMeJSmJ4ENKK,45055076,45055076,0,same_total,45055076
Daylight - Live From Paris,7ryS0xBZNYjQqql34GCkDp,https://open.spotify.com/track/7ryS0xBZNYjQqql34GCkDp,35523701,35523701,0,same_total,35523701
The Outside,2QA3IixpRcKyOdG7XDzRgv,https://open.spotify.com/track/2QA3IixpRcKyOdG7XDzRgv,41520736,41520736,0,same_total,41520736
Superstar (Taylor's Version),51A8eKvvZz9uydvIZ7xRSV,https://open.spotify.com/track/51A8eKvvZz9uydvIZ7xRSV,48356116,48356116,0,same_total,48356116
Invisible,5OOd01o2YS1QFwdpVLds3r,https://open.spotify.com/track/5OOd01o2YS1QFwdpVLds3r,45980675,45980675,0,same_total,45980675
State Of Grace,786NsUYn4GGUf8AOt0SQhP,https://open.spotify.com/track/786NsUYn4GGUf8AOt0SQhP,68100212,68100212,0,same_total,68100212
Forever & Always,1zxrcAk6eiytfavqriMcKT,https://open.spotify.com/track/1zxrcAk6eiytfavqriMcKT,60471412,60471412,0,same_total,60471412
Delicate - Seeb Remix,2Sy2oGjP5RYB4cLVoDU0Gz,https://open.spotify.com/track/2Sy2oGjP5RYB4cLVoDU0Gz,52503069,52503069,0,same_total,52503069
Eldest Daughter - Now You're Home Acoustic Version,2JHzTARFUispsjZHKhrxxO,https://open.spotify.com/track/2JHzTARFUispsjZHKhrxxO,4571744,4571744,0,same_total,4571744
Holy Ground,5d2Kn9oAAh9S2EbyCo1i52,https://open.spotify.com/track/5d2Kn9oAAh9S2EbyCo1i52,60230606,60230606,0,same_total,60230606
Eyes Open (Taylor's Version),2NIBaWXdjaTDmytjjwbEfP,https://open.spotify.com/track/2NIBaWXdjaTDmytjjwbEfP,50786335,50786335,0,same_total,50786335
Breathe,0qsSmObOgBZfuMIwfAQDBP,https://open.spotify.com/track/0qsSmObOgBZfuMIwfAQDBP,75068686,75068686,0,same_total,75068686
The Story Of Us,3lXekiVK1ZPZbKconsys73,https://open.spotify.com/track/3lXekiVK1ZPZbKconsys73,52683759,52683759,0,same_total,52683759
Hey Stephen,4fWDgRZa0GKE5KZNhE9MQa,https://open.spotify.com/track/4fWDgRZa0GKE5KZNhE9MQa,55626408,55626408,0,same_total,55626408
A Perfectly Good Heart,1spLfUJxtyVyiKKTegQ2r4,https://open.spotify.com/track/1spLfUJxtyVyiKKTegQ2r4,34801116,34801116,0,same_total,34801116
September - Recorded at The Tracking Room Nashville,5eGX87IiKsGuzS3iw4CfCX,https://open.spotify.com/track/5eGX87IiKsGuzS3iw4CfCX,81565060,81565060,0,same_total,81565060
The Life of a Showgirl (feat. Sabrina Carpenter) - Dressing Room Rehearsal Version,2DF2sUvgHFKJ5TQGjm6n3T,https://open.spotify.com/track/2DF2sUvgHFKJ5TQGjm6n3T,5284267,5284267,0,same_total,5284267
Ours,1EQn3Uc5AyUXoiPLeyCrrg,https://open.spotify.com/track/1EQn3Uc5AyUXoiPLeyCrrg,78241599,78241599,0,same_total,78241599
Today Was A Fairytale,4pFvEWbjBpPUdYRQly0THs,https://open.spotify.com/track/4pFvEWbjBpPUdYRQly0THs,35425661,35425661,0,same_total,35425661
Today Was A Fairytale - US Version,1P5QpwOgXJuoVTm3CWbnLY,https://open.spotify.com/track/1P5QpwOgXJuoVTm3CWbnLY,35425661,35425661,0,same_total,35425661
The Best Day,5YbZZ2gYfvW1UvHHF4pVaD,https://open.spotify.com/track/5YbZZ2gYfvW1UvHHF4pVaD,45846523,45846523,0,same_total,45846523
The Last Time,7vvIpJZye5cRR6De1LKM0m,https://open.spotify.com/track/7vvIpJZye5cRR6De1LKM0m,72983122,72983122,0,same_total,72983122
Anti-Hero - Acoustic Version,2d3d9xZutJjmUpntiyHt3F,https://open.spotify.com/track/2d3d9xZutJjmUpntiyHt3F,38113341,38113341,0,same_total,38113341
Death By A Thousand Cuts - Live From Paris,3oF7Or7T35yhQbGxbCGvRX,https://open.spotify.com/track/3oF7Or7T35yhQbGxbCGvRX,45521802,45521802,0,same_total,45521802
"Sweeter Than Fiction - From ""One Chance"" Soundtrack",0RFCHlNuTeUHIB36VuVbOL,https://open.spotify.com/track/0RFCHlNuTeUHIB36VuVbOL,25659686,25659686,0,same_total,25659686
Treacherous,5kYFVSQoPu7yRpfiHBwMUk,https://open.spotify.com/track/5kYFVSQoPu7yRpfiHBwMUk,60565062,60565062,0,same_total,60565062
I Almost Do,5VwFkx7JOimOGTYfha5rs1,https://open.spotify.com/track/5VwFkx7JOimOGTYfha5rs1,67318884,67318884,0,same_total,67318884
If This Was A Movie,0vvt4IZOMkRug195S4MUq0,https://open.spotify.com/track/0vvt4IZOMkRug195S4MUq0,49191219,49191219,0,same_total,49191219
Love Story (Taylor's Version) - Elvira Remix,5RaBeejGtdPEszYEKYECs2,https://open.spotify.com/track/5RaBeejGtdPEszYEKYECs2,40403940,40403940,0,same_total,40403940
Stay Stay Stay,1qLeEu4iXEclkLwoBlMiou,https://open.spotify.com/track/1qLeEu4iXEclkLwoBlMiou,62933879,62933879,0,same_total,62933879
Come Back...Be Here,4qyalTRMRH5YuEntvvMvq0,https://open.spotify.com/track/4qyalTRMRH5YuEntvvMvq0,46928640,46928640,0,same_total,46928640
You're Not Sorry,4N419mmxYybTfAECy5j4dw,https://open.spotify.com/track/4N419mmxYybTfAECy5j4dw,51284782,51284782,0,same_total,51284782
Innocent,3kfgJql90tzgoxByioAMXR,https://open.spotify.com/track/3kfgJql90tzgoxByioAMXR,57222069,57222069,0,same_total,57222069
Lavender Haze - Acoustic Version,05kJkr80XEaZeN8kxyQoFp,https://open.spotify.com/track/05kJkr80XEaZeN8kxyQoFp,33911961,33911961,0,same_total,33911961
Starlight,0vqI4ZIMuifeKeItGiWbPj,https://open.spotify.com/track/0vqI4ZIMuifeKeItGiWbPj,47966300,47966300,0,same_total,47966300
Anti-Hero (feat. Bleachers),16M9Rxid0nXhVmme7lzVwN,https://open.spotify.com/track/16M9Rxid0nXhVmme7lzVwN,26996922,26996922,0,same_total,26996922
Lavender Haze - Snakehips Remix,6F67FNdOBNMFzxdj1CQ5pL,https://open.spotify.com/track/6F67FNdOBNMFzxdj1CQ5pL,18859081,18859081,0,same_total,18859081
The Lucky One,2wtHlpYSgC7xEdD3DrSHNL,https://open.spotify.com/track/2wtHlpYSgC7xEdD3DrSHNL,48109277,48109277,0,same_total,48109277
Back To December - Acoustic,6IH2Z54gYPLqgJtxZjX80i,https://open.spotify.com/track/6IH2Z54gYPLqgJtxZjX80i,81547658,81547658,0,same_total,81547658
Sad Beautiful Tragic,5QKhg4r4Ibt0LVTmWEXTEg,https://open.spotify.com/track/5QKhg4r4Ibt0LVTmWEXTEg,43831955,43831955,0,same_total,43831955
Tell Me Why,6vLpy7UPYuOa75Bkqocrcw,https://open.spotify.com/track/6vLpy7UPYuOa75Bkqocrcw,35453792,35453792,0,same_total,35453792
Mine - POP Mix,0GxW5K0qzrq7L1jwSY5OmY,https://open.spotify.com/track/0GxW5K0qzrq7L1jwSY5OmY,56743830,56743830,0,same_total,56743830
Lover - First Dance Remix,2msvOEbkK50foYf9BMXr2X,https://open.spotify.com/track/2msvOEbkK50foYf9BMXr2X,30214043,30214043,0,same_total,30214043
Christmas Tree Farm,4mKye6Z1kXuKolzMkJoKFA,https://open.spotify.com/track/4mKye6Z1kXuKolzMkJoKFA,288013420,288013420,0,same_total,288013420
Anti-Hero - ILLENIUM Remix,6C0H8ts9M6deezz0yYR6LK,https://open.spotify.com/track/6C0H8ts9M6deezz0yYR6LK,20907536,20907536,0,same_total,20907536
...Ready For It? - BloodPop® Remix,1Ygm9KdH3wbzDekO8JgxcW,https://open.spotify.com/track/1Ygm9KdH3wbzDekO8JgxcW,29876619,29876619,0,same_total,29876619
Lavender Haze - Felix Jaehn Remix,2M4tVhRXucLE9M3STv21Yi,https://open.spotify.com/track/2M4tVhRXucLE9M3STv21Yi,29234111,29234111,0,same_total,29234111
Change,0RdcBnAXyH2YZZvcBVu2k6,https://open.spotify.com/track/0RdcBnAXyH2YZZvcBVu2k6,30607071,30607071,0,same_total,30607071
Untouchable,6ovFJkdau79DuXEvQjPaNH,https://open.spotify.com/track/6ovFJkdau79DuXEvQjPaNH,26264541,26264541,0,same_total,26264541
Jump Then Fall,6WWvcA62QlnRguluWAk6bv,https://open.spotify.com/track/6WWvcA62QlnRguluWAk6bv,28801098,28801098,0,same_total,28801098
The Other Side Of The Door,1yDJcXc549N6AabNBzFAku,https://open.spotify.com/track/1yDJcXc549N6AabNBzFAku,17968937,17968937,0,same_total,17968937
willow - lonely witch version,0U0etHtpARihOUUY8Akc7y,https://open.spotify.com/track/0U0etHtpARihOUUY8Akc7y,19807822,19807822,0,same_total,19807822
willow - lonely witch version,77d7q9TNbsIDmRTDPkPv3L,https://open.spotify.com/track/77d7q9TNbsIDmRTDPkPv3L,19807822,19807822,0,same_total,19807822
Message In A Bottle (Fat Max G Remix) (Taylor's Version),3tGq7hWDCtrnL83y5OGual,https://open.spotify.com/track/3tGq7hWDCtrnL83y5OGual,24677295,24677295,0,same_total,24677295
The Archer - Live From Paris,2fgiBCtbWo8pijF6M7pN1i,https://open.spotify.com/track/2fgiBCtbWo8pijF6M7pN1i,15264759,15264759,0,same_total,15264759
Haunted - Acoustic Version,62rlxI6g2PNaWsHoiRryto,https://open.spotify.com/track/62rlxI6g2PNaWsHoiRryto,28070930,28070930,0,same_total,28070930
willow - 90's trend remix,77p4fRpoeiZMtUy3P9kN21,https://open.spotify.com/track/77p4fRpoeiZMtUy3P9kN21,15813820,15813820,0,same_total,15813820
All Too Well (10 Minute Version) (The Short Film),1u4HUiREUR6vX1W1RYG2Tm,https://open.spotify.com/track/1u4HUiREUR6vX1W1RYG2Tm,17022033,17022033,0,same_total,17022033
willow - dancing witch version (Elvira remix),2NnrAdjE9cPdMklonMBuAv,https://open.spotify.com/track/2NnrAdjE9cPdMklonMBuAv,43280220,43280220,0,same_total,43280220
Lover - Live From Paris,4lD3RXyvHpJsM3BhIEC4aA,https://open.spotify.com/track/4lD3RXyvHpJsM3BhIEC4aA,13899917,13899917,0,same_total,13899917
I Can Do It With a Broken Heart - Dombresky Remix,0hFF0aqyjDwDh6SQwRbTyx,https://open.spotify.com/track/0hFF0aqyjDwDh6SQwRbTyx,7840431,7840431,0,same_total,7840431
The Moment I Knew,5AsmAjBSSQjRPWgAYIp8tm,https://open.spotify.com/track/5AsmAjBSSQjRPWgAYIp8tm,34414465,34414465,0,same_total,34414465
Forever & Always - Piano Version,13MAWVUSkbGMUi6I7RowRK,https://open.spotify.com/track/13MAWVUSkbGMUi6I7RowRK,29900810,29900810,0,same_total,29900810
Girl At Home,6cf6rLb8qcklvJv90W6HCW,https://open.spotify.com/track/6cf6rLb8qcklvJv90W6HCW,25441486,25441486,0,same_total,25441486
Superman,2R7C9dDqv1UPycvepBFziA,https://open.spotify.com/track/2R7C9dDqv1UPycvepBFziA,28271070,28271070,0,same_total,28271070
Wood - Track by Track,20QSU9vg05qYSDVgOTAwPp,https://open.spotify.com/track/20QSU9vg05qYSDVgOTAwPp,620578,620578,0,same_total,620578
Come In With The Rain,0cEG04R5cldkTLzK6phlcn,https://open.spotify.com/track/0cEG04R5cldkTLzK6phlcn,19178268,19178268,0,same_total,19178268
Should've Said No - The 3D Concert Experience,06FXaDDdg0BzXl15cthMS5,https://open.spotify.com/track/06FXaDDdg0BzXl15cthMS5,15345898,15345898,0,same_total,15345898
The Man - Live From Paris,7FKbTRXXIWVFQmPH8zGfU0,https://open.spotify.com/track/7FKbTRXXIWVFQmPH8zGfU0,23940635,23940635,0,same_total,23940635
SuperStar,0XfTh16YcKPzdxMPTeKTAq,https://open.spotify.com/track/0XfTh16YcKPzdxMPTeKTAq,15799377,15799377,0,same_total,15799377
Honey - Track by Track,5EwypOO9NEI7MvjPOYZtWk,https://open.spotify.com/track/5EwypOO9NEI7MvjPOYZtWk,1001369,1001369,0,same_total,1001369
State Of Grace - Acoustic,5G9AVKld9q7DCrmoY42raf,https://open.spotify.com/track/5G9AVKld9q7DCrmoY42raf,25777493,25777493,0,same_total,25777493
Back To December/Apologize/You're Not Sorry - Live/2011/Medley,1IsquhJFJ0qcFZI7FeAEuN,https://open.spotify.com/track/1IsquhJFJ0qcFZI7FeAEuN,14725393,14725393,0,same_total,14725393
Last Christmas,2IprIjGNRlj3TfqUWCAo0C,https://open.spotify.com/track/2IprIjGNRlj3TfqUWCAo0C,43938393,43938393,0,same_total,43938393
You Need To Calm Down - Live From Paris,36a08nLG1xazGaaVKK0vv7,https://open.spotify.com/track/36a08nLG1xazGaaVKK0vv7,9924423,9924423,0,same_total,9924423
You Need To Calm Down - Clean Bandit Remix,7Bjf96uNizpvXLvNyOJpst,https://open.spotify.com/track/7Bjf96uNizpvXLvNyOJpst,18453896,18453896,0,same_total,18453896
Wildest Dreams (Arr. Lawson for Harp),3Ng1BPUR5qf6vQ1AizIA0D,https://open.spotify.com/track/3Ng1BPUR5qf6vQ1AizIA0D,1794840,1794840,0,same_total,1794840
ME! - Live From Paris,5fOV54t6mMYv3H9CsnvU81,https://open.spotify.com/track/5fOV54t6mMYv3H9CsnvU81,9692192,9692192,0,same_total,9692192
Opalite - Skream Remix,1VCcPLfDiR1S9PJaSp5qm5,https://open.spotify.com/track/1VCcPLfDiR1S9PJaSp5qm5,579695,579695,0,same_total,579695
Red - Original Demo Recording,4mqgn90sCeVSYqcoftTQTd,https://open.spotify.com/track/4mqgn90sCeVSYqcoftTQTd,19177142,19177142,0,same_total,19177142
Treacherous - Original Demo Recording,7BT9K9BDqq6HI2oWH5UMZQ,https://open.spotify.com/track/7BT9K9BDqq6HI2oWH5UMZQ,17998510,17998510,0,same_total,17998510
The Last Time - Karaoke Version,3vM04liQIPwzatRCDvWvba,https://open.spotify.com/track/3vM04liQIPwzatRCDvWvba,1743326,1743326,0,same_total,1743326
willow - moonlit witch version,5XkJj6sV2XLMaURdmdXgNx,https://open.spotify.com/track/5XkJj6sV2XLMaURdmdXgNx,10682853,10682853,0,same_total,10682853
willow - moonlit witch version,5F7hpFKLmWgMHGxQuwssuv,https://open.spotify.com/track/5F7hpFKLmWgMHGxQuwssuv,10682853,10682853,0,same_total,10682853
Love Story - Digital Dog Remix,3RNDw7yywLNyawDKV99hTx,https://open.spotify.com/track/3RNDw7yywLNyawDKV99hTx,11447948,11447948,0,same_total,11447948
The Fate of Ophelia - Track by Track,5k9RjjuYyOMCLL81U8FaHT,https://open.spotify.com/track/5k9RjjuYyOMCLL81U8FaHT,1670627,1670627,0,same_total,1670627
Anti-Hero - Roosevelt Remix,4XiypEn8iKbeP1TbTqdfk5,https://open.spotify.com/track/4XiypEn8iKbeP1TbTqdfk5,4695406,4695406,0,same_total,4695406
Haunted - Live/2011,6znB7YZhMJT2B83zfbiyLq,https://open.spotify.com/track/6znB7YZhMJT2B83zfbiyLq,7341423,7341423,0,same_total,7341423
Delicate - Sawyr And Ryan Tedder Mix,6SYwJcqaltK2WFRmD1unUV,https://open.spotify.com/track/6SYwJcqaltK2WFRmD1unUV,8702028,8702028,0,same_total,8702028
Enchanted - Live/2011,3lm4L3pPL32PFy74dR17OR,https://open.spotify.com/track/3lm4L3pPL32PFy74dR17OR,9124123,9124123,0,same_total,9124123
Elizabeth Taylor - Track by Track,3r9fAceWmaDFvbNiTnFiLr,https://open.spotify.com/track/3r9fAceWmaDFvbNiTnFiLr,1475891,1475891,0,same_total,1475891
I Can Do It With a Broken Heart - Instrumental,2PGIFYRG1XWsPqNG14hgD1,https://open.spotify.com/track/2PGIFYRG1XWsPqNG14hgD1,5087355,5087355,0,same_total,5087355
Lavender Haze - Tensnake Remix,7kjSmkSo15pHlkb0mOQtfj,https://open.spotify.com/track/7kjSmkSo15pHlkb0mOQtfj,4591710,4591710,0,same_total,4591710
Father Figure - Track by Track,2NGGvVcfb2m2NbVaXHC3gb,https://open.spotify.com/track/2NGGvVcfb2m2NbVaXHC3gb,1308638,1308638,0,same_total,1308638
Opalite - Track by Track,5SkuikJwvwfEvNyCepGkq3,https://open.spotify.com/track/5SkuikJwvwfEvNyCepGkq3,1372501,1372501,0,same_total,1372501
Anti-Hero - Jayda G Remix,4YrpqEBNuz7IMsZtUP6bNQ,https://open.spotify.com/track/4YrpqEBNuz7IMsZtUP6bNQ,9557955,9557955,0,same_total,9557955
Sparks Fly - Live/2011,1aBJNc2thaKyh5THWzIqHX,https://open.spotify.com/track/1aBJNc2thaKyh5THWzIqHX,10258118,10258118,0,same_total,10258118
Last Kiss - Live/2011,6hH37tyeRdyan1mAppmVor,https://open.spotify.com/track/6hH37tyeRdyan1mAppmVor,7078235,7078235,0,same_total,7078235
Teardrops On My Guitar,60oZARTE1kCh5ntBfeO1XB,https://open.spotify.com/track/60oZARTE1kCh5ntBfeO1XB,14499752,14499752,0,same_total,14499752
Opalite - Official Music Video Extended Version Part 2,7EWLNUpx0QWUCYfmBJS9qb,https://open.spotify.com/track/7EWLNUpx0QWUCYfmBJS9qb,1024140,1024140,0,same_total,1024140
Better Than Revenge - Live/2011,6505MLhnqTDDg4tjoUz2Wp,https://open.spotify.com/track/6505MLhnqTDDg4tjoUz2Wp,7787379,7787379,0,same_total,7787379
Eldest Daughter - Track by Track,0wAvTNz81YTUhLFWuWJSAV,https://open.spotify.com/track/0wAvTNz81YTUhLFWuWJSAV,1219156,1219156,0,same_total,1219156
Long Live - Live/2011,5QkzyLUb4ggojNDp8G2OxX,https://open.spotify.com/track/5QkzyLUb4ggojNDp8G2OxX,7492150,7492150,0,same_total,7492150
Ruin The Friendship - Track by Track,6NUy8xajng5zMSGJRKniAG,https://open.spotify.com/track/6NUy8xajng5zMSGJRKniAG,1125146,1125146,0,same_total,1125146
Wi$h Li$t - Track by Track,5yrrh7VYFMCNjUOIMzGNp5,https://open.spotify.com/track/5yrrh7VYFMCNjUOIMzGNp5,1069939,1069939,0,same_total,1069939
Opalite - Official Music Video Extended Version Part 1,7vf4GBEJmv0uXojpr5qPMX,https://open.spotify.com/track/7vf4GBEJmv0uXojpr5qPMX,1120154,1120154,0,same_total,1120154
The Story Of Us - Live,72GIZuUXo14oyrS0si3Rgc,https://open.spotify.com/track/72GIZuUXo14oyrS0si3Rgc,8120026,8120026,0,same_total,8120026
Actually Romantic - Track by Track,6FJemhBlVTGTCgrrrLam3D,https://open.spotify.com/track/6FJemhBlVTGTCgrrrLam3D,1108862,1108862,0,same_total,1108862
Dear John - Live/2011,4DbI1rr4IQ2bc8nejy9ttd,https://open.spotify.com/track/4DbI1rr4IQ2bc8nejy9ttd,7659112,7659112,0,same_total,7659112
CANCELLED! - Track by Track,6JNM6pLKbXMGG2opeExCb2,https://open.spotify.com/track/6JNM6pLKbXMGG2opeExCb2,1038084,1038084,0,same_total,1038084
The Life of a Showgirl - Track by Track,42TAweWJJ9YlQ47T5nesu5,https://open.spotify.com/track/42TAweWJJ9YlQ47T5nesu5,924060,924060,0,same_total,924060
Mine - Live/2011,7yndkPYP6YQQLBpPsizDfh,https://open.spotify.com/track/7yndkPYP6YQQLBpPsizDfh,7928323,7928323,0,same_total,7928323
Ronan,0Nw8hv79MLJa1yjtsEgz08,https://open.spotify.com/track/0Nw8hv79MLJa1yjtsEgz08,7634414,7634414,0,same_total,7634414
Mean - Live/2011,7mFiEij8AXPUZB7aKLbUlQ,https://open.spotify.com/track/7mFiEij8AXPUZB7aKLbUlQ,7896767,7896767,0,same_total,7896767
Speak Now - Live/2011,3QFB14MOUf3imlyISNmrbT,https://open.spotify.com/track/3QFB14MOUf3imlyISNmrbT,6973321,6973321,0,same_total,6973321
Christmases When You Were Mine,1g09DZjQ7yBommCT6POY2n,https://open.spotify.com/track/1g09DZjQ7yBommCT6POY2n,11529022,11529022,0,same_total,11529022
Ours - Live/2011,68QyrSzpnoU04AAhE5z8lj,https://open.spotify.com/track/68QyrSzpnoU04AAhE5z8lj,7398816,7398816,0,same_total,7398816
Cruel Summer - LP Giobbi Remix - Extended Version,0ISHfeb30gj4CSWUZYuesj,https://open.spotify.com/track/0ISHfeb30gj4CSWUZYuesj,1238259,1238259,0,same_total,1238259
Beautiful Eyes - Live From Clear Channel Stripped 2008,4aBW31cmkA7BLColUsMEeZ,https://open.spotify.com/track/4aBW31cmkA7BLColUsMEeZ,2551631,2551631,0,same_total,2551631
Love Story - Live From Clear Channel Stripped 2008,4RBKAqJ3qyvvriDG0s9IJ3,https://open.spotify.com/track/4RBKAqJ3qyvvriDG0s9IJ3,2846291,2846291,0,same_total,2846291
Lavender Haze - Jungle Remix,0ThxqUZ9PwS6n0UT5i1XH6,https://open.spotify.com/track/0ThxqUZ9PwS6n0UT5i1XH6,3084901,3084901,0,same_total,3084901
Silent Night,1cJkUN5LAotktryx2nPCr7,https://open.spotify.com/track/1cJkUN5LAotktryx2nPCr7,8185018,8185018,0,same_total,8185018
Christmas Must Be Something More,31JVjy3XWnh6C2zf4kLCXN,https://open.spotify.com/track/31JVjy3XWnh6C2zf4kLCXN,9761541,9761541,0,same_total,9761541
Santa Baby,71IScwIe7bcIlpnlkbKVQw,https://open.spotify.com/track/71IScwIe7bcIlpnlkbKVQw,16780562,16780562,0,same_total,16780562
Fearless - Live From Clear Channel Stripped 2008,5g7RMU3cV7zXWH244BLe7G,https://open.spotify.com/track/5g7RMU3cV7zXWH244BLe7G,1750202,1750202,0,same_total,1750202
Style - Karaoke Version,1Qicm51crXMvUuH4SMjobT,https://open.spotify.com/track/1Qicm51crXMvUuH4SMjobT,877336,877336,0,same_total,877336
Christmas Tree Farm - Old Timey Version,50ho0AOvkm8E5l8zf7OfJI,https://open.spotify.com/track/50ho0AOvkm8E5l8zf7OfJI,15229397,15229397,0,same_total,15229397
White Christmas,7GZ3KDorsc1yWndEtzGTjf,https://open.spotify.com/track/7GZ3KDorsc1yWndEtzGTjf,8589083,8589083,0,same_total,8589083
Fortnight (feat. Post Malone) - Cults Remix,7pM01Cfj8vt7z3qI2TveNT,https://open.spotify.com/track/7pM01Cfj8vt7z3qI2TveNT,2117925,2117925,0,same_total,2117925
Love Story - Pop Mix,5lA0yK8S5tP3xoaRMCp4Ug,https://open.spotify.com/track/5lA0yK8S5tP3xoaRMCp4Ug,4519806,4519806,0,same_total,4519806
Untouchable - Live From Clear Channel Stripped 2008,4MbHDiHQjhmoVAV75G04Ql,https://open.spotify.com/track/4MbHDiHQjhmoVAV75G04Ql,1129396,1129396,0,same_total,1129396
I Know Places - Voice Memo,4JQm7ebhsrt10wmrP6AfXL,https://open.spotify.com/track/4JQm7ebhsrt10wmrP6AfXL,6392344,6392344,0,same_total,6392344
You're Not Sorry - CSI Remix,4VbErhGDMTnvPAnt5z70DL,https://open.spotify.com/track/4VbErhGDMTnvPAnt5z70DL,2525202,2525202,0,same_total,2525202
Blank Space - Voice Memo,0yisH8r0f3Mkq34kjzUlCV,https://open.spotify.com/track/0yisH8r0f3Mkq34kjzUlCV,5203806,5203806,0,same_total,5203806
I Wish You Would - Voice Memo,4TtyvyI42C0KFnbDZvNC8Y,https://open.spotify.com/track/4TtyvyI42C0KFnbDZvNC8Y,4907250,4907250,0,same_total,4907250
Call It What You Want - Karaoke Version,1VPHQriwOsy5aGHLwwZyho,https://open.spotify.com/track/1VPHQriwOsy5aGHLwwZyho,547159,547159,0,same_total,547159
Picture To Burn - Live From Clear Channel Stripped 2008,7EvU9pRoJ9Xs7anx0P7tEc,https://open.spotify.com/track/7EvU9pRoJ9Xs7anx0P7tEc,1025627,1025627,0,same_total,1025627
...Ready For It? - Karaoke Version,4twNUyTpLMPWokYmCdFDCH,https://open.spotify.com/track/4twNUyTpLMPWokYmCdFDCH,927426,927426,0,same_total,927426
Teardrops On My Guitar - Live From Clear Channel Stripped 2008,4DjevQhsPWULcondN4mRh5,https://open.spotify.com/track/4DjevQhsPWULcondN4mRh5,1053640,1053640,0,same_total,1053640
Should've Said No - Live From Clear Channel Stripped 2008,5a9hUL6ZuiagZhazwrtwHF,https://open.spotify.com/track/5a9hUL6ZuiagZhazwrtwHF,1048967,1048967,0,same_total,1048967
Change - Live From Clear Channel Stripped 2008,69o9kr9UexjzeZDE8yD8dQ,https://open.spotify.com/track/69o9kr9UexjzeZDE8yD8dQ,745346,745346,0,same_total,745346
Look What You Made Me Do - Karaoke Version,1zz0XSmHCFd57ne04UAp38,https://open.spotify.com/track/1zz0XSmHCFd57ne04UAp38,772349,772349,0,same_total,772349
Dress - Karaoke Version,2k0w1FGqvzVPgQ9VdTaJpe,https://open.spotify.com/track/2k0w1FGqvzVPgQ9VdTaJpe,379075,379075,0,same_total,379075
Don't Blame Me - Karaoke Version,5JtXBqKLdfzwedmlUjjqAm,https://open.spotify.com/track/5JtXBqKLdfzwedmlUjjqAm,853824,853824,0,same_total,853824
Delicate - Karaoke Version,5Iadj8IBPrt634WW0yGPRI,https://open.spotify.com/track/5Iadj8IBPrt634WW0yGPRI,643804,643804,0,same_total,643804
Christmas Tree Farm - Recorded Live at the 2019 iHeartRadio Jingle Ball,1alAo6dYalSx8yZUn17JxF,https://open.spotify.com/track/1alAo6dYalSx8yZUn17JxF,2926462,2926462,0,same_total,2926462
Blank Space - Karaoke Version,6N6V2v89hS4N9ossON5f9R,https://open.spotify.com/track/6N6V2v89hS4N9ossON5f9R,789450,789450,0,same_total,789450
Shake It Off - Karaoke Version,4omftH10jc82Sj8VJ395C7,https://open.spotify.com/track/4omftH10jc82Sj8VJ395C7,623972,623972,0,same_total,623972
End Game - Karaoke Version,4cag67C3v9ToeFivUwDUsE,https://open.spotify.com/track/4cag67C3v9ToeFivUwDUsE,444235,444235,0,same_total,444235
Getaway Car - Karaoke Version,7bdyzcQ0onk60hfsxDCd2X,https://open.spotify.com/track/7bdyzcQ0onk60hfsxDCd2X,526539,526539,0,same_total,526539
I Did Something Bad - Karaoke Version,2hecdut2HWM5JMHqLTWThq,https://open.spotify.com/track/2hecdut2HWM5JMHqLTWThq,522854,522854,0,same_total,522854
New Year's Day - Karaoke Version,13tYZVTtzLUJTlM7m1ivbi,https://open.spotify.com/track/13tYZVTtzLUJTlM7m1ivbi,383354,383354,0,same_total,383354
Gorgeous - Karaoke Version,3ZHTwJzCNDFvjLpVQiqpH6,https://open.spotify.com/track/3ZHTwJzCNDFvjLpVQiqpH6,405929,405929,0,same_total,405929
Dancing With Our Hands Tied - Karaoke Version,3ZfvKQxJp4zZshiJsRPoD1,https://open.spotify.com/track/3ZfvKQxJp4zZshiJsRPoD1,396401,396401,0,same_total,396401
So It Goes... - Karaoke Version,5oJUjUsBZcqyEhOdpif37h,https://open.spotify.com/track/5oJUjUsBZcqyEhOdpif37h,325419,325419,0,same_total,325419
King Of My Heart - Karaoke Version,5EsfyTD26nlVQ0DtYo16uJ,https://open.spotify.com/track/5EsfyTD26nlVQ0DtYo16uJ,369160,369160,0,same_total,369160
Love Story - Instrumental with BGV,2GZNZLMvT3gjCEPd6NNvvQ,https://open.spotify.com/track/2GZNZLMvT3gjCEPd6NNvvQ,635682,635682,0,same_total,635682
Hey Stephen - Commentary,7Ae2hYOcJmLbGCYIA3M1VM,https://open.spotify.com/track/7Ae2hYOcJmLbGCYIA3M1VM,570641,570641,0,same_total,570641
This Is Why We Can't Have Nice Things - Karaoke Version,0MtU9ETYyVX8YPBDCYPdMb,https://open.spotify.com/track/0MtU9ETYyVX8YPBDCYPdMb,343877,343877,0,same_total,343877
Love Story - J Stax Radio Mix,4i0M7glXqIIRKPwbLtpExi,https://open.spotify.com/track/4i0M7glXqIIRKPwbLtpExi,1404566,1404566,0,same_total,1404566
