date,token,saved_at
2017-02-12,rate_limit,429,deferred; slept 15.0s,1775519935
2017-02-13,rate_limit,429,deferred; slept 15.0s,1775519950
2017-02-14,rate_limit,429,deferred; slept 15.0s,1775519965
2017-02-15,rate_limit,429,deferred; slept 15.0s,1775519980
2017-02-16,rate_limit,429,deferred; slept 15.0s,1775519996
2017-02-17,rate_limit,429,deferred; slept 15.0s,1775520011
2017-02-18,rate_limit,429,deferred; slept 15.0s,1775520026
2017-03-29,rate_limit,429,deferred; slept 15.0s,1775520056
2017-03-30,rate_limit,429,deferred; slept 15.0s,1775520071
2017-03-31,rate_limit,429,deferred; slept 15.0s,1775520086
2017-04-01,rate_limit,429,deferred; slept 15.0s,1775520102
2017-04-02,rate_limit,429,deferred; slept 15.0s,1775520117
2017-04-03,rate_limit,429,deferred; slept 15.0s,1775520132
2017-04-04,rate_limit,429,deferred; slept 15.0s,1775520147
2017-04-06,rate_limit,429,deferred; slept 15.0s,1775520163
2017-04-07,rate_limit,429,deferred; slept 15.0s,1775520178
2017-04-08,rate_limit,429,deferred; slept 15.0s,1775520193
2017-04-09,rate_limit,429,deferred; slept 15.0s,1775520209
2017-04-10,rate_limit,429,deferred; slept 15.0s,1775520224
2017-04-11,rate_limit,429,deferred; slept 15.0s,1775520239
2017-04-12,rate_limit,429,deferred; slept 15.0s,1775520254
2017-05-16,rate_limit,429,deferred; slept 15.0s,1775520283
2017-05-17,rate_limit,429,deferred; slept 15.0s,1775520298
2017-05-18,rate_limit,429,deferred; slept 15.0s,1775520313
2017-05-19,rate_limit,429,deferred; slept 15.0s,1775520328
2017-05-20,rate_limit,429,deferred; slept 15.0s,1775520344
2017-05-21,rate_limit,429,deferred; slept 15.0s,1775520359
2017-05-22,rate_limit,429,deferred; slept 15.0s,1775520374
2017-07-01,rate_limit,429,deferred; slept 15.0s,1775520405
2017-07-02,rate_limit,429,deferred; slept 15.0s,1775520420
2017-07-03,rate_limit,429,deferred; slept 15.0s,1775520435
2017-07-04,rate_limit,429,deferred; slept 15.0s,1775520450
2017-07-05,rate_limit,429,deferred; slept 15.0s,1775520465
2017-07-06,rate_limit,429,deferred; slept 15.0s,1775520481
2017-07-07,rate_limit,429,deferred; slept 15.0s,1775520496
2017-08-15,rate_limit,429,deferred; slept 15.0s,1775520528
2017-08-16,rate_limit,429,deferred; slept 15.0s,1775520543
2017-08-17,rate_limit,429,deferred; slept 15.0s,1775520559
2017-08-18,rate_limit,429,deferred; slept 15.0s,1775520574
2017-08-19,rate_limit,429,deferred; slept 15.0s,1775520589
2017-08-20,rate_limit,429,deferred; slept 15.0s,1775520604
2017-08-21,rate_limit,429,deferred; slept 15.0s,1775520619
2017-09-29,rate_limit,429,deferred; slept 15.0s,1775520650
2017-09-30,rate_limit,429,deferred; slept 15.0s,1775520665
2017-10-01,rate_limit,429,deferred; slept 15.0s,1775520680
2017-10-02,rate_limit,429,deferred; slept 15.0s,1775520695
2017-10-03,rate_limit,429,deferred; slept 15.0s,1775520710
2017-10-04,rate_limit,429,deferred; slept 15.0s,1775520726
2017-10-05,rate_limit,429,deferred; slept 15.0s,1775520741
2017-10-08,rate_limit,429,deferred; slept 15.0s,1775520757
2017-10-09,rate_limit,429,deferred; slept 15.0s,1775520772
2017-10-10,rate_limit,429,deferred; slept 15.0s,1775520787
2017-10-11,rate_limit,429,deferred; slept 15.0s,1775520803
2017-10-12,rate_limit,429,deferred; slept 15.0s,1775520818
2017-10-13,rate_limit,429,deferred; slept 15.0s,1775520833
2017-10-14,rate_limit,429,deferred; slept 15.0s,1775520848
2017-11-20,rate_limit,429,deferred; slept 15.0s,1775520878
2017-11-21,rate_limit,429,deferred; slept 15.0s,1775520893
2017-11-22,rate_limit,429,deferred; slept 15.0s,1775520908
2017-11-23,rate_limit,429,deferred; slept 15.0s,1775520923
2017-11-24,rate_limit,429,deferred; slept 15.0s,1775520939
2017-11-25,rate_limit,429,deferred; slept 15.0s,1775520954
2017-11-26,rate_limit,429,deferred; slept 15.0s,1775520969
2018-01-02,rate_limit,429,deferred; slept 15.0s,1775520998
2018-01-03,rate_limit,429,deferred; slept 15.0s,1775521014
2018-01-04,rate_limit,429,deferred; slept 15.0s,1775521029
2018-01-05,rate_limit,429,deferred; slept 15.0s,1775521044
2018-01-06,rate_limit,429,deferred; slept 15.0s,1775521060
2018-01-07,rate_limit,429,deferred; slept 15.0s,1775521075
2018-01-08,rate_limit,429,deferred; slept 15.0s,1775521090
2018-02-15,rate_limit,429,deferred; slept 15.0s,1775521122
2018-02-16,rate_limit,429,deferred; slept 15.0s,1775521137
2018-02-17,rate_limit,429,deferred; slept 15.0s,1775521152
2018-02-18,rate_limit,429,deferred; slept 15.0s,1775521168
2018-02-19,rate_limit,429,deferred; slept 15.0s,1775521183
2018-02-20,rate_limit,429,deferred; slept 15.0s,1775521198
2018-02-21,rate_limit,429,deferred; slept 15.0s,1775521213
2018-03-31,rate_limit,429,deferred; slept 15.0s,1775521242
2018-04-01,rate_limit,429,deferred; slept 15.0s,1775521258
2018-04-02,rate_limit,429,deferred; slept 15.0s,1775521273
2018-04-03,rate_limit,429,deferred; slept 15.0s,1775521288
2018-04-04,rate_limit,429,deferred; slept 15.0s,1775521303
2018-04-05,rate_limit,429,deferred; slept 15.0s,1775521319
2018-04-06,rate_limit,429,deferred; slept 15.0s,1775521334
2018-05-16,rate_limit,429,deferred; slept 15.0s,1775521364
2018-05-17,rate_limit,429,deferred; slept 15.0s,1775521379
2018-05-18,rate_limit,429,deferred; slept 15.0s,1775521395
2018-05-19,rate_limit,429,deferred; slept 15.0s,1775521410
2018-05-20,rate_limit,429,deferred; slept 15.0s,1775521425
2018-05-21,rate_limit,429,deferred; slept 15.0s,1775521440
2018-05-22,rate_limit,429,deferred; slept 15.0s,1775521455
2018-06-30,rate_limit,429,deferred; slept 15.0s,1775521485
2018-07-01,rate_limit,429,deferred; slept 15.0s,1775521500
2018-07-02,rate_limit,429,deferred; slept 15.0s,1775521515
2018-07-03,rate_limit,429,deferred; slept 15.0s,1775521531
2018-07-04,rate_limit,429,deferred; slept 15.0s,1775521546
2018-07-05,rate_limit,429,deferred; slept 15.0s,1775521561
2018-07-06,rate_limit,429,deferred; slept 15.0s,1775521576
2018-07-09,rate_limit,429,deferred; slept 15.0s,1775521592
2018-07-10,rate_limit,429,deferred; slept 15.0s,1775521607
2018-07-11,rate_limit,429,deferred; slept 15.0s,1775521623
2018-07-12,rate_limit,429,deferred; slept 15.0s,1775521638
2018-07-13,rate_limit,429,deferred; slept 15.0s,1775521653
2018-07-14,rate_limit,429,deferred; slept 15.0s,1775521668
2018-07-15,rate_limit,429,deferred; slept 15.0s,1775521684
2018-08-21,rate_limit,429,deferred; slept 15.0s,1775521713
2018-08-22,rate_limit,429,deferred; slept 15.0s,1775521728
2018-08-23,rate_limit,429,deferred; slept 15.0s,1775521743
2018-08-24,rate_limit,429,deferred; slept 15.0s,1775521758
2018-08-25,rate_limit,429,deferred; slept 15.0s,1775521773
2018-08-26,rate_limit,429,deferred; slept 15.0s,1775521789
2018-08-27,rate_limit,429,deferred; slept 15.0s,1775521804
2018-10-05,rate_limit,429,deferred; slept 15.0s,1775521833
2018-10-06,rate_limit,429,deferred; slept 15.0s,1775521849
2018-10-07,rate_limit,429,deferred; slept 15.0s,1775521864
2018-10-08,rate_limit,429,deferred; slept 15.0s,1775521879
2018-10-09,rate_limit,429,deferred; slept 15.0s,1775521894
2018-10-10,rate_limit,429,deferred; slept 15.0s,1775521910
2018-10-11,rate_limit,429,deferred; slept 15.0s,1775521925
2018-10-14,rate_limit,429,deferred; slept 15.0s,1775521941
2018-10-15,rate_limit,429,deferred; slept 15.0s,1775521956
2018-10-16,rate_limit,429,deferred; slept 15.0s,1775521971
2018-10-17,rate_limit,429,deferred; slept 15.0s,1775521986
2018-10-18,rate_limit,429,deferred; slept 15.0s,1775522002
2018-10-19,rate_limit,429,deferred; slept 15.0s,1775522017
2018-10-20,rate_limit,429,deferred; slept 15.0s,1775522032
2018-11-24,rate_limit,429,deferred; slept 15.0s,1775522060
2018-11-25,rate_limit,429,deferred; slept 15.0s,1775522075
2018-11-26,rate_limit,429,deferred; slept 15.0s,1775522090
2018-11-27,rate_limit,429,deferred; slept 15.0s,1775522106
2018-11-28,rate_limit,429,deferred; slept 15.0s,1775522121
2018-11-29,rate_limit,429,deferred; slept 15.0s,1775522136
2018-11-30,rate_limit,429,deferred; slept 15.0s,1775522151
2019-01-07,rate_limit,429,deferred; slept 15.0s,1775522180
2019-01-08,rate_limit,429,deferred; slept 15.0s,1775522196
2019-01-09,rate_limit,429,deferred; slept 15.0s,1775522211
2019-01-10,rate_limit,429,deferred; slept 15.0s,1775522226
2019-01-11,rate_limit,429,deferred; slept 15.0s,1775522241
2019-01-12,rate_limit,429,deferred; slept 15.0s,1775522256
2019-01-13,rate_limit,429,deferred; slept 15.0s,1775522272
2019-02-20,rate_limit,429,deferred; slept 15.0s,1775522301
2019-02-21,rate_limit,429,deferred; slept 15.0s,1775522316
2019-02-22,rate_limit,429,deferred; slept 15.0s,1775522332
2019-02-23,rate_limit,429,deferred; slept 15.0s,1775522347
2019-02-24,rate_limit,429,deferred; slept 15.0s,1775522362
2019-02-25,rate_limit,429,deferred; slept 15.0s,1775522377
2019-02-26,rate_limit,429,deferred; slept 15.0s,1775522393
2019-03-01,rate_limit,429,deferred; slept 15.0s,1775522409
2019-03-02,rate_limit,429,deferred; slept 15.0s,1775522424
2019-03-03,rate_limit,429,deferred; slept 15.0s,1775522439
2019-03-04,rate_limit,429,deferred; slept 15.0s,1775522454
2019-03-05,rate_limit,429,deferred; slept 15.0s,1775522469
2019-03-06,rate_limit,429,deferred; slept 15.0s,1775522485
2019-03-07,rate_limit,429,deferred; slept 15.0s,1775522500
2019-04-13,rate_limit,429,deferred; slept 15.0s,1775522530
2019-04-14,rate_limit,429,deferred; slept 15.0s,1775522545
2019-04-15,rate_limit,429,deferred; slept 15.0s,1775522560
2019-04-16,rate_limit,429,deferred; slept 15.0s,1775522575
2019-04-17,rate_limit,429,deferred; slept 15.0s,1775522590
2019-04-18,rate_limit,429,deferred; slept 15.0s,1775522606
2019-04-19,rate_limit,429,deferred; slept 15.0s,1775522621
2019-05-28,rate_limit,429,deferred; slept 15.0s,1775522650
2019-05-29,rate_limit,429,deferred; slept 15.0s,1775522666
2019-05-30,rate_limit,429,deferred; slept 15.0s,1775522681
2019-05-31,rate_limit,429,deferred; slept 15.0s,1775522696
2019-06-01,rate_limit,429,deferred; slept 15.0s,1775522711
2019-06-02,rate_limit,429,deferred; slept 15.0s,1775522727
2019-06-03,rate_limit,429,deferred; slept 15.0s,1775522742
2019-07-13,rate_limit,429,deferred; slept 15.0s,1775522772
2019-07-14,rate_limit,429,deferred; slept 15.0s,1775522787
2019-07-15,rate_limit,429,deferred; slept 15.0s,1775522802
2019-07-16,rate_limit,429,deferred; slept 15.0s,1775522818
2019-07-17,rate_limit,429,deferred; slept 15.0s,1775522833
2019-07-18,rate_limit,429,deferred; slept 15.0s,1775522848
2019-07-19,rate_limit,429,deferred; slept 15.0s,1775522863
2019-08-28,rate_limit,429,deferred; slept 15.0s,1775522894
2019-08-29,rate_limit,429,deferred; slept 15.0s,1775522909
2019-08-30,rate_limit,429,deferred; slept 15.0s,1775522925
2019-08-31,rate_limit,429,deferred; slept 15.0s,1775522940
2019-09-01,rate_limit,429,deferred; slept 15.0s,1775522955
2019-09-02,rate_limit,429,deferred; slept 15.0s,1775522970
2019-09-03,rate_limit,429,deferred; slept 15.0s,1775522985
2019-10-12,rate_limit,429,deferred; slept 15.0s,1775523015
2019-10-13,rate_limit,429,deferred; slept 15.0s,1775523031
2019-10-14,rate_limit,429,deferred; slept 15.0s,1775523046
2019-10-15,rate_limit,429,deferred; slept 15.0s,1775523061
2019-10-16,rate_limit,429,deferred; slept 15.0s,1775523076
2019-10-17,rate_limit,429,deferred; slept 15.0s,1775523092
2019-10-18,rate_limit,429,deferred; slept 15.0s,1775523107
2019-10-21,rate_limit,429,deferred; slept 15.0s,1775523123
2019-10-22,rate_limit,429,deferred; slept 15.0s,1775523138
2019-10-23,rate_limit,429,deferred; slept 15.0s,1775523154
2019-10-24,rate_limit,429,deferred; slept 15.0s,1775523169
2019-10-25,rate_limit,429,deferred; slept 15.0s,1775523184
2019-10-26,rate_limit,429,deferred; slept 15.0s,1775523199
2019-10-27,rate_limit,429,deferred; slept 15.0s,1775523215
2019-12-03,rate_limit,429,deferred; slept 15.0s,1775523243
2019-12-04,rate_limit,429,deferred; slept 15.0s,1775523258
2019-12-05,rate_limit,429,deferred; slept 15.0s,1775523274
2019-12-06,rate_limit,429,deferred; slept 15.0s,1775523289
2019-12-07,rate_limit,429,deferred; slept 15.0s,1775523304
2019-12-08,rate_limit,429,deferred; slept 15.0s,1775523319
2019-12-09,rate_limit,429,deferred; slept 15.0s,1775523335
2020-01-17,rate_limit,429,deferred; slept 15.0s,1775523364
2020-01-18,rate_limit,429,deferred; slept 15.0s,1775523380
2020-01-19,rate_limit,429,deferred; slept 15.0s,1775523395
2020-01-20,rate_limit,429,deferred; slept 15.0s,1775523410
2020-01-21,rate_limit,429,deferred; slept 15.0s,1775523425
2020-01-22,rate_limit,429,deferred; slept 15.0s,1775523441
2020-01-23,rate_limit,429,deferred; slept 15.0s,1775523456
2020-03-03,rate_limit,429,deferred; slept 15.0s,1775523486
2020-03-04,rate_limit,429,deferred; slept 15.0s,1775523501
2020-03-05,rate_limit,429,deferred; slept 15.0s,1775523516
2020-03-06,auth,,auth error,1775523537
2020-03-07,rate_limit,429,deferred; slept 15.0s,1775523537
2020-03-08,rate_limit,429,deferred; slept 15.0s,1775523553
2020-03-09,rate_limit,429,deferred; slept 15.0s,1775523568
2020-03-10,rate_limit,429,deferred; slept 15.0s,1775523583
2020-04-27,rate_limit,429,deferred; slept 15.0s,1775523616
2020-04-28,rate_limit,429,deferred; slept 15.0s,1775523631
2020-04-29,rate_limit,429,deferred; slept 15.0s,1775523646
2020-04-30,rate_limit,429,deferred; slept 15.0s,1775523661
2020-05-01,rate_limit,429,deferred; slept 15.0s,1775523677
2020-05-02,rate_limit,429,deferred; slept 15.0s,1775523692
2020-05-03,rate_limit,429,deferred; slept 15.0s,1775523707
2020-06-10,rate_limit,429,deferred; slept 15.0s,1775523736
2020-06-11,rate_limit,429,deferred; slept 15.0s,1775523751
2020-06-12,rate_limit,429,deferred; slept 15.0s,1775523767
2020-06-13,rate_limit,429,deferred; slept 15.0s,1775523782
2020-06-14,rate_limit,429,deferred; slept 15.0s,1775523797
2020-06-15,rate_limit,429,deferred; slept 15.0s,1775523812
2020-06-16,rate_limit,429,deferred; slept 15.0s,1775523828
2020-07-25,rate_limit,429,deferred; slept 15.0s,1775523857
2020-07-26,rate_limit,429,deferred; slept 15.0s,1775523872
2020-07-27,rate_limit,429,deferred; slept 15.0s,1775523887
2020-07-28,rate_limit,429,deferred; slept 15.0s,1775523902
2020-07-29,rate_limit,429,deferred; slept 15.0s,1775523918
2020-07-30,rate_limit,429,deferred; slept 15.0s,1775523933
2020-07-31,rate_limit,429,deferred; slept 15.0s,1775523948
2020-08-04,rate_limit,429,deferred; slept 15.0s,1775523965
2020-08-05,rate_limit,429,deferred; slept 15.0s,1775523980
2020-08-06,rate_limit,429,deferred; slept 15.0s,1775523995
2020-08-07,rate_limit,429,deferred; slept 15.0s,1775524010
2020-08-08,rate_limit,429,deferred; slept 15.0s,1775524026
2020-08-09,rate_limit,429,deferred; slept 15.0s,1775524041
2020-08-10,rate_limit,429,deferred; slept 15.0s,1775524056
2020-09-16,rate_limit,429,deferred; slept 15.0s,1775524084
2020-09-17,rate_limit,429,deferred; slept 15.0s,1775524099
2020-09-18,rate_limit,429,deferred; slept 15.0s,1775524115
2020-09-19,rate_limit,429,deferred; slept 15.0s,1775524130
2020-09-20,rate_limit,429,deferred; slept 15.0s,1775524145
2020-09-21,rate_limit,429,deferred; slept 15.0s,1775524160
2020-09-22,rate_limit,429,deferred; slept 15.0s,1775524175
2020-10-31,rate_limit,429,deferred; slept 15.0s,1775524204
2020-11-01,rate_limit,429,deferred; slept 15.0s,1775524220
2020-11-02,rate_limit,429,deferred; slept 15.0s,1775524235
2020-11-03,rate_limit,429,deferred; slept 15.0s,1775524250
2020-11-04,rate_limit,429,deferred; slept 15.0s,1775524265
2020-11-05,rate_limit,429,deferred; slept 15.0s,1775524281
2020-11-06,rate_limit,429,deferred; slept 15.0s,1775524296
2020-12-16,rate_limit,429,deferred; slept 15.0s,1775524325
2020-12-17,rate_limit,429,deferred; slept 15.0s,1775524341
2020-12-18,rate_limit,429,deferred; slept 15.0s,1775524356
2020-12-19,rate_limit,429,deferred; slept 15.0s,1775524371
2020-12-20,rate_limit,429,deferred; slept 15.0s,1775524386
2020-12-21,rate_limit,429,deferred; slept 15.0s,1775524401
2020-12-22,rate_limit,429,deferred; slept 15.0s,1775524417
2020-12-25,rate_limit,429,deferred; slept 15.0s,1775524433
2020-12-26,rate_limit,429,deferred; slept 15.0s,1775524448
2020-12-27,rate_limit,429,deferred; slept 15.0s,1775524463
2020-12-28,rate_limit,429,deferred; slept 15.0s,1775524478
2020-12-29,rate_limit,429,deferred; slept 15.0s,1775524494
2020-12-30,rate_limit,429,deferred; slept 15.0s,1775524509
2020-12-31,rate_limit,429,deferred; slept 15.0s,1775524524
2021-02-07,rate_limit,429,deferred; slept 15.0s,1775524553
2021-02-08,rate_limit,429,deferred; slept 15.0s,1775524568
2021-02-09,rate_limit,429,deferred; slept 15.0s,1775524583
2021-02-10,rate_limit,429,deferred; slept 15.0s,1775524598
2021-02-11,rate_limit,429,deferred; slept 15.0s,1775524614
2021-02-12,rate_limit,429,deferred; slept 15.0s,1775524629
2021-02-13,rate_limit,429,deferred; slept 15.0s,1775524644
2021-03-23,rate_limit,429,deferred; slept 15.0s,1775524673
2021-03-24,rate_limit,429,deferred; slept 15.0s,1775524688
2021-03-25,rate_limit,429,deferred; slept 15.0s,1775524704
2021-03-26,rate_limit,429,deferred; slept 15.0s,1775524719
2021-03-27,rate_limit,429,deferred; slept 15.0s,1775524734
2021-03-28,rate_limit,429,deferred; slept 15.0s,1775524749
2021-03-29,rate_limit,429,deferred; slept 15.0s,1775524765
2021-04-01,rate_limit,429,deferred; slept 15.0s,1775524781
2021-04-02,rate_limit,429,deferred; slept 15.0s,1775524796
2021-04-03,rate_limit,429,deferred; slept 15.0s,1775524811
2021-04-04,rate_limit,429,deferred; slept 15.0s,1775524826
2021-04-05,rate_limit,429,deferred; slept 15.0s,1775524842
2021-04-06,rate_limit,429,deferred; slept 15.0s,1775524857
2021-04-07,rate_limit,429,deferred; slept 15.0s,1775524872
2021-05-13,rate_limit,429,deferred; slept 15.0s,1775524901
2021-05-14,rate_limit,429,deferred; slept 15.0s,1775524916
2021-05-15,rate_limit,429,deferred; slept 15.0s,1775524931
2021-05-16,rate_limit,429,deferred; slept 15.0s,1775524946
2021-05-17,rate_limit,429,deferred; slept 15.0s,1775524962
2021-05-18,rate_limit,429,deferred; slept 15.0s,1775524977
2021-05-19,rate_limit,429,deferred; slept 15.0s,1775524992
2021-06-25,rate_limit,429,deferred; slept 15.0s,1775525020
2021-06-26,rate_limit,429,deferred; slept 15.0s,1775525036
2021-06-27,rate_limit,429,deferred; slept 15.0s,1775525051
2021-06-28,rate_limit,429,deferred; slept 15.0s,1775525066
2021-06-29,rate_limit,429,deferred; slept 15.0s,1775525081
2021-06-30,rate_limit,429,deferred; slept 15.0s,1775525097
2021-07-01,rate_limit,429,deferred; slept 15.0s,1775525112
2021-08-08,rate_limit,429,deferred; slept 15.0s,1775525141
2021-08-09,rate_limit,429,deferred; slept 15.0s,1775525156
2021-08-10,rate_limit,429,deferred; slept 15.0s,1775525171
2021-08-11,rate_limit,429,deferred; slept 15.0s,1775525187
2021-08-12,rate_limit,429,deferred; slept 15.0s,1775525202
2021-08-13,rate_limit,429,deferred; slept 15.0s,1775525217
2021-08-14,rate_limit,429,deferred; slept 15.0s,1775525232
2021-09-22,rate_limit,429,deferred; slept 15.0s,1775525262
2021-09-23,rate_limit,429,deferred; slept 15.0s,1775525277
2021-09-24,rate_limit,429,deferred; slept 15.0s,1775525292
2021-09-25,rate_limit,429,deferred; slept 15.0s,1775525307
2021-09-26,rate_limit,429,deferred; slept 15.0s,1775525323
2021-09-27,rate_limit,429,deferred; slept 15.0s,1775525338
2021-09-28,rate_limit,429,deferred; slept 15.0s,1775525353
2021-10-02,rate_limit,429,deferred; slept 15.0s,1775525369
2021-10-03,rate_limit,429,deferred; slept 15.0s,1775525385
2021-10-04,rate_limit,429,deferred; slept 15.0s,1775525400
2021-10-05,rate_limit,429,deferred; slept 15.0s,1775525415
2021-10-06,rate_limit,429,deferred; slept 15.0s,1775525430
2021-10-07,rate_limit,429,deferred; slept 15.0s,1775525446
2021-10-08,rate_limit,429,deferred; slept 15.0s,1775525461
2021-11-14,rate_limit,429,deferred; slept 15.0s,1775525489
2021-11-15,rate_limit,429,deferred; slept 15.0s,1775525505
2021-11-16,rate_limit,429,deferred; slept 15.0s,1775525520
2021-11-17,rate_limit,429,deferred; slept 15.0s,1775525535
2021-11-18,rate_limit,429,deferred; slept 15.0s,1775525550
2021-11-19,rate_limit,429,deferred; slept 15.0s,1775525566
2021-11-20,rate_limit,429,deferred; slept 15.0s,1775525581
2021-12-01,upstream,500,"Unexpected status 500 for 2021-12-01: {""code"":13,""message"":""Internal Server Error"",""details"":[]}",1775525610
2021-12-28,rate_limit,429,deferred; slept 15.0s,1775525620
2021-12-29,rate_limit,429,deferred; slept 15.0s,1775525635
2021-12-30,rate_limit,429,deferred; slept 15.0s,1775525650
2021-12-31,rate_limit,429,deferred; slept 15.0s,1775525665
2022-01-01,rate_limit,429,deferred; slept 15.0s,1775525681
2022-01-02,rate_limit,429,deferred; slept 15.0s,1775525696
2022-01-03,rate_limit,429,deferred; slept 15.0s,1775525711
2022-02-11,rate_limit,429,deferred; slept 15.0s,1775525741
2022-02-12,rate_limit,429,deferred; slept 15.0s,1775525756
2022-02-13,rate_limit,429,deferred; slept 15.0s,1775525771
2022-02-14,rate_limit,429,deferred; slept 15.0s,1775525786
2022-02-15,rate_limit,429,deferred; slept 15.0s,1775525802
2022-02-16,rate_limit,429,deferred; slept 15.0s,1775525817
2022-02-17,rate_limit,429,deferred; slept 15.0s,1775525832
2022-02-20,rate_limit,429,deferred; slept 15.0s,1775525848
2022-02-21,rate_limit,429,deferred; slept 15.0s,1775525864
2022-02-22,rate_limit,429,deferred; slept 15.0s,1775525879
2022-02-23,rate_limit,429,deferred; slept 15.0s,1775525894
2022-02-24,rate_limit,429,deferred; slept 15.0s,1775525909
2022-02-25,rate_limit,429,deferred; slept 15.0s,1775525924
2022-02-26,rate_limit,429,deferred; slept 15.0s,1775525940
2022-04-03,rate_limit,429,deferred; slept 15.0s,1775525968
2022-04-04,rate_limit,429,deferred; slept 15.0s,1775525983
2022-04-05,rate_limit,429,deferred; slept 15.0s,1775525998
2022-04-06,rate_limit,429,deferred; slept 15.0s,1775526013
2022-04-07,rate_limit,429,deferred; slept 15.0s,1775526029
2022-04-08,rate_limit,429,deferred; slept 15.0s,1775526044
2022-04-09,rate_limit,429,deferred; slept 15.0s,1775526059
2022-05-18,rate_limit,429,deferred; slept 15.0s,1775526088
2022-05-19,rate_limit,429,deferred; slept 15.0s,1775526103
2022-05-20,rate_limit,429,deferred; slept 15.0s,1775526119
2022-05-21,rate_limit,429,deferred; slept 15.0s,1775526134
2022-05-22,rate_limit,429,deferred; slept 15.0s,1775526149
2022-05-23,rate_limit,429,deferred; slept 15.0s,1775526164
2022-05-24,rate_limit,429,deferred; slept 15.0s,1775526180
2022-05-27,rate_limit,429,deferred; slept 15.0s,1775526196
2022-05-28,rate_limit,429,deferred; slept 15.0s,1775526211
2022-05-29,rate_limit,429,deferred; slept 15.0s,1775526226
2022-05-30,rate_limit,429,deferred; slept 15.0s,1775526241
2022-05-31,rate_limit,429,deferred; slept 15.0s,1775526256
2022-06-01,rate_limit,429,deferred; slept 15.0s,1775526272
2022-06-02,rate_limit,429,deferred; slept 15.0s,1775526287
2022-07-09,rate_limit,429,deferred; slept 15.0s,1775526315
2022-07-10,rate_limit,429,deferred; slept 15.0s,1775526330
2022-07-11,rate_limit,429,deferred; slept 15.0s,1775526346
2022-07-12,rate_limit,429,deferred; slept 15.0s,1775526361
2022-07-13,rate_limit,429,deferred; slept 15.0s,1775526376
2022-07-14,rate_limit,429,deferred; slept 15.0s,1775526391
2022-07-15,rate_limit,429,deferred; slept 15.0s,1775526406
2022-08-23,rate_limit,429,deferred; slept 15.0s,1775526435
2022-08-24,rate_limit,429,deferred; slept 15.0s,1775526451
2022-08-25,rate_limit,429,deferred; slept 15.0s,1775526466
2022-08-26,rate_limit,429,deferred; slept 15.0s,1775526481
2022-08-27,rate_limit,429,deferred; slept 15.0s,1775526496
2022-08-28,rate_limit,429,deferred; slept 15.0s,1775526512
2022-08-29,rate_limit,429,deferred; slept 15.0s,1775526527
2022-09-01,rate_limit,429,deferred; slept 15.0s,1775526543
2022-09-02,rate_limit,429,deferred; slept 15.0s,1775526558
2022-09-03,rate_limit,429,deferred; slept 15.0s,1775526573
2022-09-04,rate_limit,429,deferred; slept 15.0s,1775526589
2022-09-05,rate_limit,429,deferred; slept 15.0s,1775526604
2022-09-06,rate_limit,429,deferred; slept 15.0s,1775526619
2022-09-07,rate_limit,429,deferred; slept 15.0s,1775526634
2022-10-14,rate_limit,429,deferred; slept 15.0s,1775526662
2022-10-15,rate_limit,429,deferred; slept 15.0s,1775526678
2022-10-16,rate_limit,429,deferred; slept 15.0s,1775526693
2022-10-17,rate_limit,429,deferred; slept 15.0s,1775526708
2022-10-18,rate_limit,429,deferred; slept 15.0s,1775526723
2022-10-19,rate_limit,429,deferred; slept 15.0s,1775526739
2022-10-20,rate_limit,429,deferred; slept 15.0s,1775526754
2022-11-28,rate_limit,429,deferred; slept 15.0s,1775526783
2022-11-29,rate_limit,429,deferred; slept 15.0s,1775526798
2022-11-30,rate_limit,429,deferred; slept 15.0s,1775526813
2022-12-01,rate_limit,429,deferred; slept 15.0s,1775526828
2022-12-02,rate_limit,429,deferred; slept 15.0s,1775526844
2022-12-03,rate_limit,429,deferred; slept 15.0s,1775526859
2022-12-04,rate_limit,429,deferred; slept 15.0s,1775526874
2022-12-07,rate_limit,429,deferred; slept 15.0s,1775526890
2022-12-08,rate_limit,429,deferred; slept 15.0s,1775526905
2022-12-09,rate_limit,429,deferred; slept 15.0s,1775526921
2022-12-10,rate_limit,429,deferred; slept 15.0s,1775526936
2022-12-11,rate_limit,429,deferred; slept 15.0s,1775526951
2022-12-12,rate_limit,429,deferred; slept 15.0s,1775526966
2022-12-13,rate_limit,429,deferred; slept 15.0s,1775526982
2023-01-25,rate_limit,429,deferred; slept 15.0s,1775527012
2023-01-26,rate_limit,429,deferred; slept 15.0s,1775527027
2023-01-27,rate_limit,429,deferred; slept 15.0s,1775527042
2023-01-28,rate_limit,429,deferred; slept 15.0s,1775527057
2023-01-29,rate_limit,429,deferred; slept 15.0s,1775527073
2023-01-30,rate_limit,429,deferred; slept 15.0s,1775527088
2023-01-31,rate_limit,429,deferred; slept 15.0s,1775527103
2023-03-13,rate_limit,429,deferred; slept 15.0s,1775527132
2023-03-14,auth,,auth error,1775527153
2023-03-15,rate_limit,429,deferred; slept 15.0s,1775527154
2023-03-16,rate_limit,429,deferred; slept 15.0s,1775527169
2023-03-17,rate_limit,429,deferred; slept 15.0s,1775527184
2023-03-18,rate_limit,429,deferred; slept 15.0s,1775527200
2023-03-19,rate_limit,429,deferred; slept 15.0s,1775527215
2023-03-20,rate_limit,429,deferred; slept 15.0s,1775527230
2023-04-26,rate_limit,429,deferred; slept 15.0s,1775527258
2023-04-27,rate_limit,429,deferred; slept 15.0s,1775527274
2023-04-28,rate_limit,429,deferred; slept 15.0s,1775527289
2023-04-29,rate_limit,429,deferred; slept 15.0s,1775527304
2023-04-30,rate_limit,429,deferred; slept 15.0s,1775527319
2023-05-01,rate_limit,429,deferred; slept 15.0s,1775527335
2023-05-02,rate_limit,429,deferred; slept 15.0s,1775527350
2023-06-09,rate_limit,429,deferred; slept 15.0s,1775527379
2023-06-10,rate_limit,429,deferred; slept 15.0s,1775527394
2023-06-11,rate_limit,429,deferred; slept 15.0s,1775527409
2023-06-12,rate_limit,429,deferred; slept 15.0s,1775527424
2023-06-13,rate_limit,429,deferred; slept 15.0s,1775527440
2023-06-14,rate_limit,429,deferred; slept 15.0s,1775527455
2023-06-15,rate_limit,429,deferred; slept 15.0s,1775527470
2023-07-24,rate_limit,429,deferred; slept 15.0s,1775527499
2023-07-25,rate_limit,429,deferred; slept 15.0s,1775527514
2023-07-26,rate_limit,429,deferred; slept 15.0s,1775527529
2023-07-27,rate_limit,429,deferred; slept 15.0s,1775527545
2023-07-28,rate_limit,429,deferred; slept 15.0s,1775527560
2023-07-29,rate_limit,429,deferred; slept 15.0s,1775527575
2023-07-30,rate_limit,429,deferred; slept 15.0s,1775527590
2023-08-02,rate_limit,429,deferred; slept 15.0s,1775527606
2023-08-03,rate_limit,429,deferred; slept 15.0s,1775527621
2023-08-04,rate_limit,429,deferred; slept 15.0s,1775527637
2023-08-05,rate_limit,429,deferred; slept 15.0s,1775527652
2023-08-06,rate_limit,429,deferred; slept 15.0s,1775527667
2023-08-07,rate_limit,429,deferred; slept 15.0s,1775527682
2023-08-08,rate_limit,429,deferred; slept 15.0s,1775527698
2023-09-14,rate_limit,429,deferred; slept 15.0s,1775527726
2023-09-15,rate_limit,429,deferred; slept 15.0s,1775527741
2023-09-16,rate_limit,429,deferred; slept 15.0s,1775527756
2023-09-17,rate_limit,429,deferred; slept 15.0s,1775527771
2023-09-18,rate_limit,429,deferred; slept 15.0s,1775527787
2023-09-19,rate_limit,429,deferred; slept 15.0s,1775527802
2023-09-20,rate_limit,429,deferred; slept 15.0s,1775527817
2023-10-29,rate_limit,429,deferred; slept 15.0s,1775527846
2023-10-30,rate_limit,429,deferred; slept 15.0s,1775527861
2023-10-31,rate_limit,429,deferred; slept 15.0s,1775527876
2023-11-01,rate_limit,429,deferred; slept 15.0s,1775527891
2023-11-02,rate_limit,429,deferred; slept 15.0s,1775527907
2023-11-03,rate_limit,429,deferred; slept 15.0s,1775527922
2023-11-04,rate_limit,429,deferred; slept 15.0s,1775527937
2023-12-13,rate_limit,429,deferred; slept 15.0s,1775527966
2023-12-14,rate_limit,429,deferred; slept 15.0s,1775527981
2023-12-15,rate_limit,429,deferred; slept 15.0s,1775527996
2023-12-16,rate_limit,429,deferred; slept 15.0s,1775528011
2023-12-17,rate_limit,429,deferred; slept 15.0s,1775528027
2023-12-18,rate_limit,429,deferred; slept 15.0s,1775528042
2023-12-19,rate_limit,429,deferred; slept 15.0s,1775528057
2023-12-23,rate_limit,429,deferred; slept 15.0s,1775528074
2023-12-25,rate_limit,429,deferred; slept 15.0s,1775528089
2023-12-26,rate_limit,429,deferred; slept 15.0s,1775528104
2023-12-27,rate_limit,429,deferred; slept 15.0s,1775528120
2023-12-28,rate_limit,429,deferred; slept 15.0s,1775528135
2023-12-29,rate_limit,429,deferred; slept 15.0s,1775528150
2023-12-30,rate_limit,429,deferred; slept 15.0s,1775528165
2024-02-04,rate_limit,429,deferred; slept 15.0s,1775528194
2024-02-05,rate_limit,429,deferred; slept 15.0s,1775528209
2024-02-06,rate_limit,429,deferred; slept 15.0s,1775528224
2024-02-07,rate_limit,429,deferred; slept 15.0s,1775528239
2024-02-08,rate_limit,429,deferred; slept 15.0s,1775528254
2024-02-09,rate_limit,429,deferred; slept 15.0s,1775528270
2024-02-10,rate_limit,429,deferred; slept 15.0s,1775528285
2024-03-19,rate_limit,429,deferred; slept 15.0s,1775528314
2024-03-20,rate_limit,429,deferred; slept 15.0s,1775528329
2024-03-21,rate_limit,429,deferred; slept 15.0s,1775528344
2024-03-22,rate_limit,429,deferred; slept 15.0s,1775528359
2024-03-23,rate_limit,429,deferred; slept 15.0s,1775528375
2024-03-24,rate_limit,429,deferred; slept 15.0s,1775528390
2024-03-25,rate_limit,429,deferred; slept 15.0s,1775528405
2024-03-28,rate_limit,429,deferred; slept 15.0s,1775528421
2024-03-29,rate_limit,429,deferred; slept 15.0s,1775528436
2024-03-30,rate_limit,429,deferred; slept 15.0s,1775528452
2024-03-31,rate_limit,429,deferred; slept 15.0s,1775528467
2024-04-01,rate_limit,429,deferred; slept 15.0s,1775528482
2024-04-02,rate_limit,429,deferred; slept 15.0s,1775528497
2024-04-03,rate_limit,429,deferred; slept 15.0s,1775528513
2024-05-12,rate_limit,429,deferred; slept 15.0s,1775528542
2024-05-13,rate_limit,429,deferred; slept 15.0s,1775528557
2024-05-14,rate_limit,429,deferred; slept 15.0s,1775528572
2024-05-15,rate_limit,429,deferred; slept 15.0s,1775528587
2024-05-16,rate_limit,429,deferred; slept 15.0s,1775528603
2024-05-17,rate_limit,429,deferred; slept 15.0s,1775528618
2024-05-18,rate_limit,429,deferred; slept 15.0s,1775528633
2024-06-27,rate_limit,429,deferred; slept 15.0s,1775528662
2024-06-28,rate_limit,429,deferred; slept 15.0s,1775528678
2024-07-01,rate_limit,429,deferred; slept 15.0s,1775528694
2024-07-02,rate_limit,429,deferred; slept 15.0s,1775528709
2024-07-03,rate_limit,429,deferred; slept 15.0s,1775528724
2024-07-04,rate_limit,429,deferred; slept 15.0s,1775528739
2024-07-05,rate_limit,429,deferred; slept 15.0s,1775528755
2024-07-08,rate_limit,429,deferred; slept 15.0s,1775528771
2024-07-09,rate_limit,429,deferred; slept 15.0s,1775528786
2024-07-10,rate_limit,429,deferred; slept 15.0s,1775528801
2024-07-11,rate_limit,429,deferred; slept 15.0s,1775528816
2024-07-12,rate_limit,429,deferred; slept 15.0s,1775528831
2024-07-13,rate_limit,429,deferred; slept 15.0s,1775528847
2024-07-14,rate_limit,429,deferred; slept 15.0s,1775528862
2024-08-18,rate_limit,429,deferred; slept 15.0s,1775528890
2024-08-19,rate_limit,429,deferred; slept 15.0s,1775528905
2024-08-21,rate_limit,429,deferred; slept 15.0s,1775528921
2024-08-22,rate_limit,429,deferred; slept 15.0s,1775528936
2024-08-23,rate_limit,429,deferred; slept 15.0s,1775528951
2024-08-24,rate_limit,429,deferred; slept 15.0s,1775528966
2024-08-25,rate_limit,429,deferred; slept 15.0s,1775528982
2024-10-02,rate_limit,429,deferred; slept 15.0s,1775529011
2024-10-04,rate_limit,429,deferred; slept 15.0s,1775529026
2024-10-05,rate_limit,429,deferred; slept 15.0s,1775529041
2024-10-07,rate_limit,429,deferred; slept 15.0s,1775529057
2024-10-08,rate_limit,429,deferred; slept 15.0s,1775529072
2024-10-09,rate_limit,429,deferred; slept 15.0s,1775529088
2024-10-10,rate_limit,429,deferred; slept 15.0s,1775529103
2024-11-19,rate_limit,429,deferred; slept 15.0s,1775529132
2024-11-20,rate_limit,429,deferred; slept 15.0s,1775529147
2024-11-21,rate_limit,429,deferred; slept 15.0s,1775529163
2024-11-22,rate_limit,429,deferred; slept 15.0s,1775529178
2024-11-23,rate_limit,429,deferred; slept 15.0s,1775529193
2024-11-24,rate_limit,429,deferred; slept 15.0s,1775529208
2024-11-25,rate_limit,429,deferred; slept 15.0s,1775529224
2025-01-03,rate_limit,429,deferred; slept 15.0s,1775529253
2025-01-04,rate_limit,429,deferred; slept 15.0s,1775529268
2025-01-06,rate_limit,429,deferred; slept 15.0s,1775529284
2025-01-07,rate_limit,429,deferred; slept 15.0s,1775529299
2025-01-08,rate_limit,429,deferred; slept 15.0s,1775529314
2025-01-09,rate_limit,429,deferred; slept 15.0s,1775529329
2025-01-10,rate_limit,429,deferred; slept 15.0s,1775529344
2025-01-12,rate_limit,429,deferred; slept 15.0s,1775529360
2025-01-13,rate_limit,429,deferred; slept 15.0s,1775529375
2025-01-14,rate_limit,429,deferred; slept 15.0s,1775529390
2025-01-15,rate_limit,429,deferred; slept 15.0s,1775529406
2025-01-16,rate_limit,429,deferred; slept 15.0s,1775529421
2025-01-17,rate_limit,429,deferred; slept 15.0s,1775529436
2025-01-18,rate_limit,429,deferred; slept 15.0s,1775529451
2025-02-26,rate_limit,429,deferred; slept 15.0s,1775529481
2025-02-28,rate_limit,429,deferred; slept 15.0s,1775529496
2025-03-01,rate_limit,429,deferred; slept 15.0s,1775529511
2025-03-02,rate_limit,429,deferred; slept 15.0s,1775529527
2025-03-03,rate_limit,429,deferred; slept 15.0s,1775529542
2025-03-04,rate_limit,429,deferred; slept 15.0s,1775529557
2025-03-05,rate_limit,429,deferred; slept 15.0s,1775529572
2025-04-12,rate_limit,429,deferred; slept 15.0s,1775529601
2025-04-15,rate_limit,429,deferred; slept 15.0s,1775529617
2025-04-16,rate_limit,429,deferred; slept 15.0s,1775529632
2025-04-17,rate_limit,429,deferred; slept 15.0s,1775529647
2025-04-18,rate_limit,429,deferred; slept 15.0s,1775529663
2025-04-19,rate_limit,429,deferred; slept 15.0s,1775529678
2025-04-20,rate_limit,429,deferred; slept 15.0s,1775529693
2025-05-31,rate_limit,429,deferred; slept 15.0s,1775529723
2025-06-02,rate_limit,429,deferred; slept 15.0s,1775529738
2025-06-03,rate_limit,429,deferred; slept 15.0s,1775529754
2025-06-04,rate_limit,429,deferred; slept 15.0s,1775529769
2025-06-05,rate_limit,429,deferred; slept 15.0s,1775529784
2025-06-06,rate_limit,429,deferred; slept 15.0s,1775529800
2025-06-07,rate_limit,429,deferred; slept 15.0s,1775529815
2025-06-09,rate_limit,429,deferred; slept 15.0s,1775529830
2025-06-10,rate_limit,429,deferred; slept 15.0s,1775529846
2025-06-12,rate_limit,429,deferred; slept 15.0s,1775529861
2025-06-13,rate_limit,429,deferred; slept 15.0s,1775529876
2025-06-14,rate_limit,429,deferred; slept 15.0s,1775529892
2025-06-15,rate_limit,429,deferred; slept 15.0s,1775529907
2025-06-17,rate_limit,429,deferred; slept 15.0s,1775529923
2025-07-24,rate_limit,429,deferred; slept 15.0s,1775529951
2025-07-25,rate_limit,429,deferred; slept 15.0s,1775529966
2025-07-27,rate_limit,429,deferred; slept 15.0s,1775529982
2025-07-28,rate_limit,429,deferred; slept 15.0s,1775529997
2025-07-29,rate_limit,429,deferred; slept 15.0s,1775530012
2025-07-30,rate_limit,429,deferred; slept 15.0s,1775530028
2025-07-31,rate_limit,429,deferred; slept 15.0s,1775530043
2025-09-07,rate_limit,429,deferred; slept 15.0s,1775530072
2025-09-08,rate_limit,429,deferred; slept 15.0s,1775530087
2025-09-09,rate_limit,429,deferred; slept 15.0s,1775530102
2025-09-11,rate_limit,429,deferred; slept 15.0s,1775530118
2025-09-12,rate_limit,429,deferred; slept 15.0s,1775530133
2025-09-13,rate_limit,429,deferred; slept 15.0s,1775530148
2025-09-14,rate_limit,429,deferred; slept 15.0s,1775530164
2025-10-23,rate_limit,429,deferred; slept 15.0s,1775530193
2025-10-25,rate_limit,429,deferred; slept 15.0s,1775530208
2025-10-26,rate_limit,429,deferred; slept 15.0s,1775530224
2025-10-27,rate_limit,429,deferred; slept 15.0s,1775530239
2025-10-28,rate_limit,429,deferred; slept 15.0s,1775530254
2025-10-29,rate_limit,429,deferred; slept 15.0s,1775530269
2025-10-30,rate_limit,429,deferred; slept 15.0s,1775530285
2025-12-09,rate_limit,429,deferred; slept 15.0s,1775530314
2025-12-10,rate_limit,429,deferred; slept 15.0s,1775530329
2025-12-11,rate_limit,429,deferred; slept 15.0s,1775530345
2025-12-12,rate_limit,429,deferred; slept 15.0s,1775530360
2025-12-13,rate_limit,429,deferred; slept 15.0s,1775530375
2025-12-14,rate_limit,429,deferred; slept 15.0s,1775530390
2025-12-15,rate_limit,429,deferred; slept 15.0s,1775530406
2025-12-18,rate_limit,429,deferred; slept 15.0s,1775530421
2025-12-19,rate_limit,429,deferred; slept 15.0s,1775530437
2025-12-21,rate_limit,429,deferred; slept 15.0s,1775530452
2025-12-22,rate_limit,429,deferred; slept 15.0s,1775530468
2025-12-23,rate_limit,429,deferred; slept 15.0s,1775530483
2025-12-24,rate_limit,429,deferred; slept 15.0s,1775530498
2025-12-26,rate_limit,429,deferred; slept 15.0s,1775530514
2026-02-03,rate_limit,429,deferred; slept 15.0s,1775530542
2026-02-04,rate_limit,429,deferred; slept 15.0s,1775530558
2026-02-07,rate_limit,429,deferred; slept 15.0s,1775530574
2026-02-08,rate_limit,429,deferred; slept 15.0s,1775530589
2026-02-09,rate_limit,429,deferred; slept 15.0s,1775530604
2026-02-10,rate_limit,429,deferred; slept 15.0s,1775530620
2026-02-11,rate_limit,429,deferred; slept 15.0s,1775530635
2026-03-19,rate_limit,429,deferred; slept 15.0s,1775530663
2026-03-20,rate_limit,429,deferred; slept 15.0s,1775530678
2026-03-21,rate_limit,429,deferred; slept 15.0s,1775530693
2026-03-22,rate_limit,429,deferred; slept 15.0s,1775530709
2026-03-23,rate_limit,429,deferred; slept 15.0s,1775530724
2026-03-24,rate_limit,429,deferred; slept 15.0s,1775530739
2026-03-25,auth,,auth error,1775530779
