date,video_id,title,total_views,daily_views
2026-04-26,ko70cExuzZM,Taylor Swift - The Fate of Ophelia (Official Music Video),375882843,70155
2026-04-26,e-ORhEE9VVg,Taylor Swift - Blank Space,3788344050,28521
2026-04-26,nfWlot6h_JM,Taylor Swift - Shake It Off,3672259312,17220
2026-04-26,VuNIsY6JdUw,Taylor Swift - You Belong With Me,1739309222,9352
2026-04-26,ic8j13piAhQ,Taylor Swift - Cruel Summer (Official Audio),286815639,8239
2026-04-26,-CmadmM5cOk,Taylor Swift - Style,950315304,7822
2026-04-26,8xg3vE8Ie_E,Taylor Swift - Love Story,813966317,6869
2026-04-26,3PJC6uPIekc,Taylor Swift - Opalite (Lyric Video),46775719,6514
2026-04-26,IdneKLhsWOQ,Taylor Swift - Wildest Dreams,1010811553,6245
2026-04-26,igIfiqqVHtA,Taylor Swift - Enchanted (Taylor's Version) (Lyric Video),93916632,6242
2026-04-26,vwp8Ur6tO-8,Taylor Swift - You Belong With Me (Taylor's Version) (Lyric Video),72242771,6031
2026-04-26,u9raS7-NisU,Taylor Swift - Daylight (Official Audio),114361315,5879
2026-04-26,1FVF-9KQiPo,Taylor Swift - Opalite (Official Music Video),21810093,5223
2026-04-26,QUwxKWT6m7U,Taylor Swift - Back To December,383862430,4731
2026-04-26,OOYlWF6V8t8,Taylor Swift - Guilty as Sin (Official Lyric Video),60319677,4625
2026-04-26,aXzVF3XeS8M,Taylor Swift - Love Story (Taylor’s Version) [Official Lyric Video],78445684,4548
2026-04-26,3tmd-ClpJxA,Taylor Swift - Look What You Made Me Do,1565816678,4449
2026-04-26,WA4iX5D9Z64,Taylor Swift - We Are Never Ever Getting Back Together,836229155,4146
2026-04-26,-BjZmE2gtdo,Taylor Swift - Lover (Official Music Video),350541697,3941
2026-04-26,q3zqJs7JUCQ,Taylor Swift - Fortnight (feat. Post Malone) (Official Music Video),173186272,3639
2026-04-26,4FUIEcnvT04,Taylor Swift - Opalite (Visualizer),30898297,3499
2026-04-26,QcIy9NiNbmo,Taylor Swift - Bad Blood ft. Kendrick Lamar,1682310940,3396
2026-04-26,DlexmDDSDZ0,Taylor Swift - The Way I Loved You (Taylor's Version) (Lyric Video),111645213,3365
2026-04-26,AgFeZr5ptV8,Taylor Swift - 22,723780384,3137
2026-04-26,tCXGJQYZ9JA,Taylor Swift - Delicate,598063995,2776
2026-04-26,nn_0zPAfyo8,Taylor Swift – august (Official Lyric Video),136062912,2740
2026-04-26,7lLigiVgJsE,Taylor Swift - Fearless (Taylor's Version) (Lyric Video),63349713,2700
2026-04-26,Dkk9gvTmCXY,Taylor Swift - You Need To Calm Down,384931669,2693
2026-04-26,K-a8s8OLBSE,Taylor Swift - cardigan,222138034,2660
2026-04-26,WqbJT_vC0rs,Taylor Swift - Elizabeth Taylor (Official Music Video),4411459,2581
2026-04-26,7F37r50VUTQ,"ZAYN, Taylor Swift - I Don’t Wanna Live Forever (Fifty Shades Darker)",773071967,2507
2026-04-26,b1kbLwvqugk,Taylor Swift - Anti-Hero (Official Music Video),240249650,2494
2026-04-26,mvVBuG4IOW4,Taylor Swift - Shake It Off (Taylor's Version) (Lyric Video),29689203,2357
2026-04-26,b7kmP1fsGg8,Taylor Swift - Fortnight (feat. Post Malone),29333509,2328
2026-04-26,qc2Z-OX9wnc,Taylor Swift - Back To December (Taylor's Version) (Lyric Video),50673810,2289
2026-04-26,b5Zay_Hd_7Q,Taylor Swift - Lover Remix Feat. Shawn Mendes (Lyric Video),73546654,2266
2026-04-26,R_rUYuFtNO4,Taylor Swift - Red (Taylor's Version) (Lyric Video),67959594,2252
2026-04-26,FuXNumBwDOM,Taylor Swift - ME! (feat. Brendon Urie of Panic! At The Disco) ft. Brendon Urie,455742304,2126
2026-04-26,osdoLjUNFnA,Taylor Swift – exile (feat. Bon Iver) (Official Lyric Video),133052016,2117
2026-04-26,w1oM3kQpXRo,Taylor Swift - Everything Has Changed ft. Ed Sheeran,432378366,1961
2026-04-26,F5TMU6916U8,Taylor Swift - Long Live (Taylor's Version) (Lyric Video),44951605,1906
2026-04-26,sRxrwjOtIag,All Too Well (10 Minute Version) (Taylor's Version) (From The Vault) (Lyric Video),163523432,1905
2026-04-26,cVaG6adE2mA,Taylor Swift - Message In A Bottle (Taylor's Version) (From The Vault) (Lyric Video),28637675,1890
2026-04-26,rbmdfEQODOw,Taylor Swift - The Fate of Ophelia (Lyric Video),8932200,1861
2026-04-26,GZ4vaTRn0HU,Taylor Swift - loml (Official Lyric Video),31140212,1850
2026-04-26,7Gbg6Z70J7E,"Taylor Swift - You're On Your Own, Kid (Official Lyric Video)",63802194,1686
2026-04-26,wIft-t-MQuE,Taylor Swift - …Ready For It?,386368717,1640
2026-04-26,2JgvVfOfoWI,Taylor Swift - Style (Taylor's Version) (Lyric Video),36520717,1558
2026-04-26,V54CEElTF_U,Taylor Swift - Call It What You Want (Lyric Video),130551235,1552
2026-04-26,EUoe7cf0HYw,Taylor Swift - Gorgeous (Lyric Video),185805285,1486
2026-04-26,WQCPl5rTMDQ,Taylor Swift - Ruin The Friendship (Lyric Video),10219314,1462
2026-04-26,XqN2qFvY64U,Taylor Swift - Anti-Hero (Official Lyric Video),46448886,1435
2026-04-26,Odh9ddPUkEY,Taylor Swift - Midnight Rain (Official Lyric Video),62133658,1422
2026-04-26,RsEZmictANA,Taylor Swift - willow (Official Music Video),165265342,1387
2026-04-26,gir8BEqAutk,Taylor Swift - Blank Space (Taylor's Version) (Lyric Video),25948820,1274
2026-04-26,VsKoOH6DVys,Taylor Swift - London Boy (Official Audio),44711502,1249
2026-04-26,OWbDJFtHl3w,Taylor Swift – my tears ricochet (Official Lyric Video),59161247,1232
2026-04-26,Ur_wAcYDnuA,Taylor Swift - right where you left me (Official Lyric Video),37923550,1225
2026-04-26,VikHHWrgb4Y,Taylor Swift - Cornelia Street (Official Audio),61623311,1191
2026-04-26,Zlot0i3Zykw,Taylor Swift - Red,257744770,1177
2026-04-26,w-FkV0EM_CU,Taylor Swift -  So High School (Official Lyric Video),27921341,1174
2026-04-26,TqAollrUJdA,Taylor Swift - I Knew You Were Trouble (Taylor's Version) (Lyric Video),27963735,1171
2026-04-26,wMpqCRF7TKg,Taylor Swift - champagne problems (Official Lyric Video),75256701,1143
2026-04-26,dfnCAmr569k,"Taylor Swift - End Game ft. Ed Sheeran, Future",315879530,1083
2026-04-26,wqgUzLHgNMI,Taylor Swift - Wi$h Li$t (Lyric Video),14118594,1078
2026-04-26,98SmlWOKuME,Taylor Swift - Father Figure (Lyric Video),16866350,1066
2026-04-26,vNoKguSdy4Y,Taylor Swift - I Knew You Were Trouble,540075391,993
2026-04-26,oxNLRqMJMZk,Taylor Swift - Mine (Taylor's Version) (Lyric Video),27395657,989
2026-04-26,EVbtjaWXQVg,Taylor Swift - Down Bad (Official Lyric Video),36872071,978
2026-04-26,pQq9eP5OFhw,Taylor Swift - You're Losing Me (From The Vault),35982142,972
2026-04-26,zLSUp53y-HQ,Taylor Swift - cardigan (Official Lyric Video),45599135,908
2026-04-26,ZzYBzwfjjDE,Never been accused of not keeping it 💯,496359308,876
2026-04-26,zJFcr1KyFqE,Taylor Swift - We Are Never Ever Getting Back Together (Taylor's Version) (Lyric Video),30125488,874
2026-04-26,OU6362Nggg0,Taylor Swift - The Life of a Showgirl (Feat. Sabrina Carpenter) (Lyric Video),13875523,871
2026-04-26,JLf9q36UsBk,Taylor Swift - Out Of The Woods,211072230,867
2026-04-26,RzhAS_GnJIc,Safe & Sound feat. The Civil Wars (The Hunger Games: Songs From District 12 And Beyond),215500905,836
2026-04-26,vtW_4j7SsZk,Taylor Swift - Wildest Dreams (Taylor's Version) (Lyric Video),18737779,831
2026-04-26,7X5iDKPrZH0,Taylor Swift - Elizabeth Taylor (Lyric Video),17587068,830
2026-04-26,iMMUAd66vxo,Taylor Swift - The Alchemy (Official Lyric Video),19280085,830
2026-04-26,h8DLofLM7No,Taylor Swift - Lavender Haze (Official Music Video),80180337,823
2026-04-26,AqAJLh9wuZ0,Taylor Swift - The Man (Official Video),114822367,811
2026-04-26,b7QlX3yR2xs,Taylor Swift - Bejeweled (Official Music Video),102176835,789
2026-04-26,8zdg-pDF10g,Taylor Swift - Paper Rings (Official Audio),54700441,775
2026-04-26,UlFrV5GJA_4,Taylor Swift - Sparks Fly (Taylor's Version) (Lyric Video),20635212,770
2026-04-26,oKar-tF__ac,Taylor Swift - Sparks Fly,106614308,761
2026-04-26,_PsBoqNwYo4,Taylor Swift - The Prophecy (Official Lyric Video),19845664,758
2026-04-26,ycE7bUq3-2k,Taylor Swift - Snow On The Beach (Lyric Video) ft. Lana Del Rey,38525722,735
2026-04-26,Sl6en1NPTYM,Taylor Swift - I Can Do It With A Broken Heart (Official Video),43572867,713
2026-04-26,mC54kTYa9oI,Taylor Swift - Wi$h Li$t (Visualizer),9739048,711
2026-04-26,xTXsKMXUi7w,Taylor Swift - Labyrinth (Lyric Video),17633056,708
2026-04-26,lvHZjvIyqsk,Taylor Swift - Maroon (Official Lyric Video),39945253,706
2026-04-26,6m50keINEOI,Taylor Swift - Wood (Lyric Video),12866338,703
2026-04-26,9-rKvhsjwKU,Taylor Swift - White Horse (Taylor's Version) (Lyric Video),17705905,700
2026-04-26,PReSQYTFvcs,Taylor Swift - Better Man (Taylor's Version) (From The Vault) (Lyric Video),20392834,693
2026-04-26,9OQBDdNHmXo,Taylor Swift - All Too Well (Taylor's Version) (Lyric Video),24010936,689
2026-04-26,yJTfs8YS2w0,13 days til we return Speak Now to its mother 😝,12926196,684
2026-04-26,FsGdznlfE2U,Taylor Swift - Welcome To New York (Taylor's Version) (Lyric Video),25496547,672
2026-04-26,tNxUxm3-658,Taylor Swift - Is It Over Now? (Taylor's Version) (From The Vault) (Lyric Video),34638326,664
2026-04-26,Kwf7P2GNAVw,Taylor Swift - Miss Americana & The Heartbreak Prince (Official Audio),44164815,652
2026-04-26,8KpKc3C9V3w,Taylor Swift - The Archer (Lyric Video),45613067,648
2026-04-26,XPBwXKgDTdE,Taylor Swift - Mine,329308999,642
2026-04-26,4Mg_Qtr6Osg,Taylor Swift - Elizabeth Taylor (Visualizer),10915948,635
2026-04-26,XzOvgu3GPwY,Taylor Swift ft. Ice Spice - Karma (Official Music Video) ft. Ice Spice,78318818,632
2026-04-26,cMPEd8m79Hw,Taylor Swift - Begin Again,214247623,632
2026-04-26,wRKXAAV6jh4,Taylor Swift - My Boy Only Breaks His Favorite Toys (Official Lyric Video),27195350,628
2026-04-26,F-5XoUZ42Tc,Taylor Swift - CANCELLED! (Lyric Video),11086475,626
2026-04-26,SBGdvxi2JmU,Taylor Swift - imgonnagetyouback (Official Lyric Video),15773822,622
2026-04-26,KsZ6tROaVOQ,Taylor Swift - the 1 (Official Lyric Video),65970347,617
2026-04-26,mvxQYPR4lmU,Taylor Swift - This Love (Taylor's Version) (Lyric Video),28829550,613
2026-04-26,idWma942CUI,Taylor Swift - Last Kiss (Taylor's Version) (Lyric Video),13848563,592
2026-04-26,MLV2SJKWk4M,Taylor Swift – illicit affairs (Official Lyric Video),32560330,590
2026-04-26,Jb2stN7kH28,Taylor Swift - Our Song,228862609,575
2026-04-26,wyK7YuwUWsU,Taylor Swift - New Romantics,134523403,570
2026-04-26,CCUr2pNJft4,"Taylor Swift - So Long, London (Official Lyric Video)",25973451,568
2026-04-26,xKCek6_dB0M,Taylor Swift - Teardrops On My Guitar,178996350,566
2026-04-26,vOZFiX6hDXQ,Taylor Swift - Who’s Afraid of Little Old Me? (Official Lyric Video),32497830,564
2026-04-26,AppsjTInqiw,Taylor Swift - Clean (Taylor's Version) (Lyric Video),15942228,555
2026-04-26,nN6VR92V70M,Taylor Swift - The Story Of Us,154920110,555
2026-04-26,GXODnqWPzH8,Pledge allegiance to your 👐 your 🏈 your viiiiiiiibes,403506189,547
2026-04-26,U2W173hRfyA,Taylor Swift - But Daddy I Love Him (Official Lyric Video),25988049,542
2026-04-26,RamgJyJsep4,Taylor Swift and Robbie Williams - Angels - reputation Stadium Tour,8208164,520
2026-04-26,9bdLTPNrlEg,Taylor Swift – this is me trying (Official Lyric Video),27437472,515
2026-04-26,8bNlGwnEUAs,Taylor Swift - Untouchable (Taylor's Version) (Lyric Video),10714801,509
2026-04-26,0EKbEP2L32M,Taylor Swift - Fresh Out The Slammer (Official Lyric Video),13434418,503
2026-04-26,jYa1eI1hpDE,Taylor Swift - Mean,235489499,503
2026-04-26,KaM1bCuG4xo,Taylor Swift – mirrorball (Official Lyric Video),32486626,501
2026-04-26,FnEg1RgmqO4,Taylor Swift - Actually Romantic (Lyric Video),10248749,500
2026-04-26,8HxbqAsppwU,Taylor Swift - Afterglow (Official Audio),34617245,496
2026-04-26,iFX6_9h7th0,Taylor Swift - The Great War (Official Lyric Video),28528952,495
2026-04-26,rFjJs6ZjPe8,Taylor Swift - Mr. Perfectly Fine (Taylor’s Version) (From The Vault) (Lyric Video),50598311,492
2026-04-26,OuFnpmGwg5k,Taylor Swift – invisible string (Official Lyric Video),33397643,482
2026-04-26,pRhWAXg4xek,Taylor Swift - The Story Of Us (Taylor's Version) (Lyric Video),15119049,468
2026-04-26,acQXa5ArHIk,Taylor Swift - False God (Official Audio),18923947,464
2026-04-26,HwQnW_ZRKhc,Taylor Swift - Eldest Daughter (Lyric Video),9865834,463
2026-04-26,tollGa3S0o8,Taylor Swift - All Too Well: The Short Film,111790030,456
2026-04-26,BZ-rLBkUZf4,All Too Well (10 Minute Version) (Taylor's Version) (From The Vault) (Lyric Video),39792444,454
2026-04-26,yF4ulRTCn44,Taylor Swift - Now That We Don't Talk (Taylor's Version) (From The Vault) (Lyric Video),22045123,450
2026-04-26,tbEekLA7J3Y,Taylor Swift - The Man (Lyric Video),35491615,446
2026-04-26,M7ySK0keirY,Taylor Swift - You Are In Love (Taylor's Version) (Lyric Video),11690840,440
2026-04-26,o5SQIECedTY,Taylor Swift - exile (folklore: the long pond studio sessions | Disney+) ft. Bon Iver,28476327,428
2026-04-26,SVY8I46dkb0,Taylor Swift - Live at the 2019 American Music Awards,119207666,420
2026-04-26,7EvwIw4gIyk,Taylor Swift - willow (Official Lyric Video),19664532,418
2026-04-26,Mxxswu7V1Us,Taylor Swift - Peter (Official Lyric Video),11627469,406
2026-04-26,5UMCrq-bBCg,Taylor Swift ft. Chris Stapleton - I Bet You Think About Me (Taylor's Version) (Official Video),72041849,401
2026-04-26,4-EzK5UB40U,Taylor Swift - Honey (Lyric Video),7680841,399
2026-04-26,2CnUYMmEHrs,Taylor Swift - Snow On The Beach (Feat. More Lana Del Rey),17598021,396
2026-04-26,bqOfdv9i4sE,ME! (feat. Brendon Urie of Panic! At The Disco) (Live From The Billboard Music Awards / 2019),79589953,393
2026-04-26,C-z-IckrQK8,Taylor Swift - Say Don't Go (Taylor's Version) (From The Vault) (Lyric Video),18372081,391
2026-04-26,dXNZaHuKWNA,Taylor Swift - Begin Again (Taylor's Version) (Lyric Video),7893115,391
2026-04-26,Atdzfj8LcuY,Taylor Swift - The Smallest Man Who Ever Lived (Official Lyric Video),19527397,388
2026-04-26,i8_w_m6HLJ0,Taylor Swift - I Can Do It With a Broken Heart (Official Lyric Video),35290487,383
2026-04-26,XzKSPRqFg9E,Taylor Swift - Bejeweled (Lyric Video),24145817,380
2026-04-26,_f4yoKJL7IQ,Taylor Swift - Hits Different,14726362,367
2026-04-26,RQMz4JDbtmI,Taylor Swift - The Tortured Poets Department (Official Lyric Video),19183275,364
2026-04-26,JlZnvyBqceY,Taylor Swift - Speak Now (Taylor's Version) (Lyric Video),16732193,363
2026-04-26,gp1MR2WAAXY,Taylor Swift - Out Of The Woods (Taylor's Version) (Lyric Video),12610006,355
2026-04-26,3pj39qZZYoQ,Taylor Swift - Babe (Taylor's Version) (From The Vault) (Lyric Video),15243737,352
2026-04-26,svcboYY81wU,Taylor Swift - The Fate of Ophelia (Visualizer),15968720,349
2026-04-26,Tmz1lz0zcLQ,Taylor Swift - Mastermind (Official Lyric Video),19861079,343
2026-04-26,3K0RzZGpyds,Taylor Swift - Look What You Made Me Do (Lyric Video),154981866,338
2026-04-26,r0yq_yXFQhg,Taylor Swift - All Too Well (Sad Girl Autumn Version) - Recorded at Long Pond Studios,16665727,334
2026-04-26,LZ34LlaIk88,Taylor Swift - Ours,116303544,333
2026-04-26,B-MfwP_RmHY,"Taylor Swift - Would've, Could've, Should've (Official Lyric Video)",23436424,328
2026-04-26,slUhVTAznMo,Taylor Swift - The Life of a Showgirl (feat. Sabrina Carpenter) (Visualizer),13355855,326
2026-04-26,ukxEKY_7MOc,Taylor Swift - tolerate it (Official Lyric Video),25419502,324
2026-04-26,qrxsceexTBw,"Taylor Swift - ""Slut!"" (Taylor's Version) (From The Vault) (Lyric Video)",16861075,317
2026-04-26,N-FYySSy0rM,Taylor Swift - Dear John (Taylor's Version) (Lyric Video),14421650,315
2026-04-26,6-x1AlDudZw,Taylor Swift - Foolish One (Taylor’s Version) (From The Vault) (Lyric Video),10467972,313
2026-04-26,lVkKLf4DCn8,Taylor Swift - I Can See You (Taylor’s Version) (From The Vault) (Official Video),48066852,309
2026-04-26,Uoey4W_3bos,Taylor Swift - Vigilante Shit (Official Lyric Video),19711585,305
2026-04-26,2s5xdY6MCeI,Taylor Swift - the last great american dynasty (Official Lyric Video),31422841,300
2026-04-26,lUvBk4owRNU,Taylor Swift - Bad Blood (Taylor's Version) (Lyric Video),13272157,299
2026-04-26,mNLVMDF9mUo,Taylor Swift - Love Story (Live on Letterman),28685419,296
2026-04-26,b3hW8c9mmLQ,Taylor Swift - Father Figure (Visualizer),8736395,289
2026-04-26,_Usd5X5XJXM,Taylor Swift - All You Had To Do Was Stay (Taylor's Version) (Lyric Video),9667768,283
2026-04-26,rg18Kf4en2o,Taylor Swift - Karma (Lyric Video),34066518,281
2026-04-26,O3wlMR0y4a4,Taylor Swift - How Did It End? (Official Lyric Video),11001850,276
2026-04-26,yfWgXcrNQIw,Taylor Swift - Love Story (Live from New York City),18858256,270
2026-04-26,6TAPqXkZW_I,Taylor Swift – betty (Official Lyric Video),33216511,266
2026-04-26,osmzwWw4RYM,Taylor Swift - Timeless (Taylor’s Version) (From The Vault) (Lyric Video),10970001,264
2026-04-26,Pb-K2tXWK4w,Taylor Swift - Fifteen,172553435,264
2026-04-26,3xGvCApIEQY,Taylor Swift - Cornelia Street (Live From Paris),9123474,262
2026-04-26,nJr_8l0AEWE,Taylor Swift - All Too Well (10 Minute Version) (Live on Saturday Night Live),31516713,260
2026-04-26,hHWOAUjnmjQ,Taylor Swift - Come Back...Be Here (Taylor's Version) (Lyric Video),11634448,259
2026-04-26,9nIOx-ezlzA,Taylor Swift - ivy (Official Lyric Video),18039627,257
2026-04-26,Ij6SgmK8KGQ,Taylor Swift - CANCELLED! (Visualizer),7544154,251
2026-04-26,gOtOWeD9YJk,Taylor Swift - Chloe or Sam or Sophia or Marcus (Official Lyric Video),6974314,250
2026-04-26,rnwD7veCoFQ,Taylor Swift - How You Get The Girl (Taylor's Version) (Lyric Video),8567976,249
2026-04-26,56TZ3B8Qxsk,Taylor Swift - The Black Dog (Official Lyric Video),11538368,248
2026-04-26,9boiT64sm0Q,Taylor Swift - 22 (Taylor's Version) (Lyric Video),15328584,240
2026-04-26,ShsfUTynzQU,Taylor Swift - Actually Romantic (Visualizer),7908183,239
2026-04-26,D1Xr-JFLxik,Taylor Swift - White Horse,163665015,238
2026-04-26,pEY-GPsru_E,Taylor Swift – seven (Official Lyric Video),24890985,231
2026-04-26,uEssK8o3jKg,Taylor Swift - Florida!!! (feat. Florence + The Machine) (Official Lyric Video),15951458,223
2026-04-26,2hBLC7E8v3A,Share your “fortnight” recap with #ForAFortnightChallenge 🤍 brought to you by YouTube Shorts,125340571,221
2026-04-26,2d1wKn-oJnA,Taylor Swift - I Think He Knows (Official Audio),20938481,219
2026-04-26,p1cEvNn88jM,Taylor Swift - I Forgot That You Existed (Official Audio),31286208,217
2026-04-26,rn0brgg2BpI,Taylor Swift - Sweet Nothing (Official Lyric Video),13618388,214
2026-04-26,AccGdO5XeZY,I Bet You Think About Me (Taylor's Version) (From The Vault) (Lyric Video),11020315,212
2026-04-26,GTEFSuFfgnU,Taylor Swift - Death By A Thousand Cuts (Official Audio),19158171,211
2026-04-26,yX2kZ8OIsfU,Taylor Swift - The Fate of Ophelia (The Chainsmokers Remix) (Visualizer),1858880,210
2026-04-26,3-BcH7KowGE,Taylor Swift - New Romantics (Taylor's Version) (Lyric Video),11719106,210
2026-04-26,T62maKYX9tU,Taylor Swift - ...Ready For It? (Audio),68654836,201
2026-04-26,l8Tps3PITx4,Taylor Swift - Bigger Than The Whole Sky (Lyric Video),11957460,199
2026-04-26,bAi80EylyXQ,Taylor Swift - The Bolter (Official Lyric Video),7501864,198
2026-04-26,YPlNBb6I8qU,Taylor Swift - cowboy like me (Official Lyric Video),14546870,198
2026-04-26,JhICcmiIE80,Taylor Swift - Wonderland (Taylor's Version) (Lyric Video),7412748,197
2026-04-26,ySZGZrcqvr4,Taylor Swift - Paris (Official Lyric Video),10716682,197
2026-04-26,ptSjNWnzpjg,Taylor Swift - Fearless,65665767,196
2026-04-26,yCMqcFAigRg,Taylor Swift - Picture To Burn,126317661,191
2026-04-26,hP6QpMeSG6s,Taylor Swift - marjorie (Official Lyric Video),17105606,190
2026-04-26,GkD20ajVxnY,Taylor Swift - Tim McGraw,55699242,188
2026-04-26,X0Jti9F-oQA,Taylor Swift - Dear Reader (Official Lyric Video),7485963,187
2026-04-26,EXLgZZE072g,Taylor Swift - evermore (Official Lyric Video) ft. Bon Iver,23207700,187
2026-04-26,Uzii44SDYFA,Taylor Swift - cardigan / august / willow (Live From The 63rd GRAMMYs ® / 2021),11250528,175
2026-04-26,zI4DS5GmQWE,Taylor Swift - dorothea (Official Lyric Video),13428331,169
2026-04-26,2Shv-eeNmY4,The Opalite video is out now. Visit TaylorSwift.com for more,4192826,168
2026-04-26,eMcMbWl0fDk,Taylor Swift - Everything Has Changed (Taylor's Version) (Lyric Video) ft. Ed Sheeran,11255632,165
2026-04-26,4wOsiM2T_xc,Taylor Swift - The Albatross (Official Lyric Video),5107926,163
2026-04-26,rc6NKSVv2fw,Taylor Swift - Eldest Daughter (Visualizer),6137620,161
2026-04-26,9Sx8MWI8qTU,Taylor Swift - Honey (Visualizer),5100531,161
2026-04-26,IEPomqor2A8,"Taylor Swift - no body, no crime (Official Lyric Video) ft. HAIM",29068914,161
2026-04-26,orXAg5dIMa8,Taylor Swift - betty (Live from the 2020 Academy of Country Music Awards),25987315,159
2026-04-26,maEVfpxDB8k,Taylor Swift - Never Grow Up (Taylor's Version) (Lyric Video),5966696,158
2026-04-26,-qee6dFKlw4,Taylor Swift - High Infidelity (Official Lyric Video),11042078,157
2026-04-26,mkR_Qwix4Ho,Taylor Swift - Lavender Haze (Official Lyric Video),26266270,155
2026-04-26,p1Zt47V3pPw,"Taylor performs ""Blank Space"" at The GRAMMY Museum",24535010,155
2026-04-26,4cC6fw8EqWU,Taylor Swift - Haunted (Taylor's Version) (Lyric Video),8751754,153
2026-04-26,Pz-f9mM3Ms8,Taylor Swift - gold rush (Official Lyric Video),19631538,152
2026-04-26,pCH4QrSx2Jg,Taylor Swift - The Last Time (Taylor's Version) (Lyric Video) ft. Gary Lightbody,12095752,149
2026-04-26,OGDkg3QiJmk,"Taylor Performs ""Wildest Dreams"" at The GRAMMY Museum",24729828,145
2026-04-26,xxrf_QBD5DE,Taylor Swift - Question...? (Official Lyric Video),15930390,139
2026-04-26,rVuyi-dPMIc,Taylor Swift - The Very First Night (Taylor's Version) (From The Vault) (Lyric Video),11559412,137
2026-04-26,KZeI9I875Ig,Taylor Swift - The Best Day (Taylor's Version) (Lyric Video),9442474,132
2026-04-26,OKWfv-x2rdU,Taylor Swift - I Can Fix Him (No Really I Can) (Official Lyric Video),6706879,130
2026-04-26,EH70M5OeS4o,Taylor Swift - Better Than Revenge (Taylor's Version) (Lyric Video),11348645,130
2026-04-26,0jTGzm-6cYE,Taylor Swift - I Know Places (Taylor's Version) (Lyric Video),7745419,128
2026-04-26,V80A8qN4fR8,Castles Crumbling (Taylor’s Version) (From The Vault) (Lyric Video),6004892,123
2026-04-26,rqQHa2HcGtM,Taylor Swift - long story short (Official Lyric Video),13837370,123
2026-04-26,ZGBPKYbzSXs,Taylor Swift - Suburban Legends (Taylor's Version) (From The Vault) (Lyric Video),6295563,122
2026-04-26,QuijXg8wm28,Taylor Swift - The Last Time ft. Gary Lightbody,51720369,122
2026-04-26,tMhiHrL7rPE,Taylor Swift - Hey Stephen (Taylor's Version) (Lyric Video),9997496,121
2026-04-26,cvUAzpn48xA,Taylor Swift - Lover (Official Lyric Video),53911539,119
2026-04-26,w1AV_35zVwU,Taylor Swift - I Almost Do (Taylor's Version) (Lyric Video),8595959,118
2026-04-26,CUr_UwUUXzU,Taylor Swift - Wildest Dreams (Taylor’s Version) (Official Audio),35189844,117
2026-04-26,DUnDkI7l9LQ,Taylor Swift – epiphany (Official Lyric Video),13554654,116
2026-04-26,Vgt1d3eAm7A,Taylor Swift - Cornelia Street (Live From Paris),14586843,116
2026-04-26,tOHcAc3r2kw,Taylor Swift - the lakes (Official Lyric Video),14582012,115
2026-04-26,c_p_TBaHvos,Taylor Swift - coney island (Lyric Video) ft. The National,14706841,112
2026-04-26,IVQqOzFKN2M,"It’s me, 👋 sharing ALL the problems. Join the #TSAntiHeroChallenge brought to you by YouTube Shorts",64556184,111
2026-04-26,n0cde-Km05o,Taylor Swift - The Best Day (Taylor's Version) (Official Music Video),6887853,109
2026-04-26,DNaSlUYIXBg,Taylor Swift - You're Not Sorry (Taylor's Version) (Lyric Video),10588549,108
2026-04-26,m3fWCRvz5JA,Nothing New (Taylor's Version) (From The Vault) (Lyric Video),11262832,105
2026-04-26,vZJXqv48lIc,Taylor Swift - Opalite (BUNT. Remix) (Visualizer),673337,102
2026-04-26,lPvcwgEuKTg,Taylor Swift - Starlight (Taylor's Version) (Lyric Video),4803695,99
2026-04-26,g_meC49cN5k,Back in the office… 😎 #MiamiTSTheErasTour,3822862,97
2026-04-26,AcGbuveDwTg,Taylor Swift - Viva La Vida,7533431,96
2026-04-26,ZeiAo9SeDE8,Taylor Swift - Opalite (Chris Lake Remix) (Visualizer),461031,94
2026-04-26,T-41vMWQTUA,Taylor Swift - Forever & Always (Taylor's Version) (Lyric Video),7451290,94
2026-04-26,HpxX4ZE4KWE,Taylor Swift – peace (Official Lyric Video),11356309,93
2026-04-26,vio0RidOMUM,Taylor Swift - Back To December (Live on Letterman),14181679,92
2026-04-26,PdMdbiY6-lE,Taylor Swift - The Fate of Ophelia (Alone In My Tower Acoustic Version) (Visualizer),2352282,91
2026-04-26,oaBJlKXBvjk,Taylor Swift - thanK you aIMee (Official Lyric Video),6431638,91
2026-04-26,-c9Cg0l__fo,There truly was magic in the *eras*✨ watch starting TOMORROW on @d@disneyplust 12am PT / 3am ET,1300500,90
2026-04-26,425n1NoRtgA,Taylor Swift - The Other Side Of The Door (Taylor’s Version) (Lyric Video),4861739,89
2026-04-26,tP4TTgt4nb0,Taylor Swift - happiness (Official Lyric Video),11849743,89
2026-04-26,flv8AEWrRMI,Taylor Swift - Run (Taylor's Version) (From The Vault) (Lyric Video) ft. Ed Sheeran,9032229,88
2026-04-26,rLCol1C3ouc,Taylor Swift - Fifteen (Taylor's Version) (Lyric Video),9566014,88
2026-04-26,ryLGxpjwAhM,Taylor Swift – hoax (Official Lyric Video),14730335,87
2026-04-26,6DP4q_1EgQQ,Taylor Swift – mad woman (Official Lyric Video),15274122,87
2026-04-26,Fn0er7H1Dm0,Taylor Swift - Superman (Taylor’s Version) (Lyric Video),2702761,85
2026-04-26,PH8Uc0Z_KRY,Taylor Swift - Ours (Taylor’s Version) (Lyric Video),3311556,84
2026-04-26,GWtfOHBF1_w,Taylor Swift - You Need To Calm Down (Lyric Video),35704788,82
2026-04-26,HzsQHfBA3MY,Taylor Swift - Fortnight (feat Post Malone) (Official Lyric Video),4032834,80
2026-04-26,S4PuN-IWi2g,Taylor Swift - Holy Ground (Taylor's Version) (Lyric Video),4740006,80
2026-04-26,tvnGBYMe9gM,Taylor Swift - You Belong With Me (Live from New York City),8981892,79
2026-04-26,JSD4XCBWzvs,Taylor Swift - Daylight (Live From Paris),3037127,78
2026-04-26,4wUPASp2hfY,Taylor Swift - Speak Now (Live on Letterman),18450492,77
2026-04-26,-mrC5tRkxrY,Taylor Swift - State Of Grace (Taylor's Version) (Lyric Video),10541049,74
2026-04-26,hMPK2vNXr-E,Electric Touch (Taylor’s Version) (From The Vault) (Lyric Video),5458363,73
2026-04-26,OhJ-S9Nrh7Q,Taylor Swift - Stay Stay Stay (Taylor's Version) (Lyric Video),6463502,72
2026-04-26,KudedLV0tP0,TAYLOR SWIFT | THE ERAS TOUR Concert Film Official Trailer,15377722,71
2026-04-26,fcVUbmdQfaE,Taylor Swift - Clara Bow (Official Lyric Video),7152870,70
2026-04-26,HZIg5sQrPAM,Taylor Swift - Fortnight (feat. Post Malone) (Acoustic),2626922,68
2026-04-26,jOD86iMAEY0,Taylor Swift - I Can See You (Taylor’s Version) (From The Vault) (Lyric Video),5932489,68
2026-04-26,U1IqinpmpQE,"🫣 Join my #TSAntiHeroChallenge and share your anti-heroic traits, brought to you by YouTube Shorts.",127485113,66
2026-04-26,TkAomsYFsJw,Taylor Swift - Forever Winter (Taylor's Version) (From The Vault) (Lyric Video),5224647,65
2026-04-26,1iRbIYkccgw,Taylor Swift - it’s time to go (Official Lyric Video),12565601,65
2026-04-26,mN3rDTAdM2o,Taylor Swift - Christmas Tree Farm,24325022,65
2026-04-26,0hYY86DmqPY,Taylor Swift - Cassandra (Official Lyric Video),3783040,64
2026-04-26,kjD3LoXp-Pw,"Taylor Swift - ""False God"" (Live on Saturday Night Live / 2019)",6459675,64
2026-04-26,dHdAN4FXzmc,Taylor Swift - Don’t You (Taylor’s Version) (From The Vault) (Lyric Video),3566293,62
2026-04-26,B1jYllE0T-k,Taylor Swift - Change,52264567,62
2026-04-26,S--WI8PUVVo,Taylor Swift - ME! (feat. Brendon Urie of Panic! At The Disco) (Lyric Video) ft. Brendon Urie,10999016,59
2026-04-26,2obMo7y-rvA,Taylor Swift - Acoustic Performances from RED Album,11061472,57
2026-04-26,iY6Qhlua8Zw,Taylor Swift - The Manuscript (Official Lyric Video),3055250,56
2026-04-26,kdiBc40gW7s,Taylor Swift - Ronan (Taylor's Version) (Lyric Video),4316639,56
2026-04-26,Y2a73EvnZ4s,Taylor Swift - Glitch (Official Lyric Video),5422365,54
2026-04-26,u1D1AgDfreg,Taylor Swift - Treacherous (Taylor's Version) (Lyric Video),6646482,54
2026-04-26,qsUK-BG5OQQ,Taylor Swift - Breathe (Taylor's Version) (Lyric Video) ft. Colbie Caillat,10730235,53
2026-04-26,89aQIli8aVU,Taylor Swift - I Wish You Would (Taylor's Version) (Lyric Video),6045733,51
2026-04-26,vUHDR6Rg3Y4,Taylor Swift - Jump Then Fall (Taylor's Version) (Lyric Video),6104164,51
2026-04-26,TEpTNFHHjNg,Taylor Swift - Shake It Off Outtakes Video #1 - The Cheerleaders (Behind The Scenes Video),18649977,51
2026-04-26,zudLJdajX5Y,Taylor Swift - You Belong With Me (Live on Letterman),7212079,51
2026-04-26,BpkmUfv1I4Q,Taylor Swift - I Hate It Here (Official Lyric Video),8489383,50
2026-04-26,aOa6D6ku3dM,That’s When (Taylor’s Version) (From The Vault) (Lyric Video),5100930,50
2026-04-26,wNYl89BsIyg,Taylor Swift - Opalite (Ely Oaks Remix) (Visualizer),139437,49
2026-04-26,xcLIGAIkztc,Taylor Swift - Mine (Live on Letterman),5563659,48
2026-04-26,BLFnkfAc7iY,"The Life of a Showgirl: Baby, That’s Show Business Vinyl Collection is available now on my site❤️‍🔥",1351850,47
2026-04-26,58zLBjzfd4M,The #TSSummer2025 collection. Available at store.taylorswift.com while supplies last! ☀️,1756188,47
2026-04-26,F0TUVujmtxY,A fortnight til Paris 🤍 Brought to you by YouTube Shorts #ForAFortnightChallenge,35933567,47
2026-04-26,3fUS9GAMxv4,🕰 #TSAntiHeroChallenge. Coming October 21. Brought to you by YouTube Shorts.,2066632,47
2026-04-26,l4_6eQm7RTQ,Taylor Swift - The Best Day,26321057,47
2026-04-26,w_DD-7_zVtw,"And, baby, that’s show business for you. New album The Life of a Showgirl. Out October 3  ❤️‍🔥",2524130,46
2026-04-26,WuvhOD-mP8M,Taylor Swift - ‘tis the damn season (Official Lyric Video),18157764,46
2026-04-26,KzNLM4nmRak,The Eras Tour concert film is now officially coming to theaters WORLDWIDE on Oct 13! 🩵,2702989,45
2026-04-26,FQyEZZPbOb0,Taylor Swift - Robin (Official Lyric Video),2318510,44
2026-04-26,0GQ_QeZxdzo,Taylor Swift - Fortnight (feat. Post Malone) (Behind the Scenes),3783316,43
2026-04-26,F3aXpa1rQEY,Taylor Swift - The Man (Live From Paris),9044501,43
2026-04-26,zqaLqctWP28,The Life of a Showgirl: The Tiny Bubbles in Champagne Vinyl Collection ❤️‍🔥,1626460,42
2026-04-26,T1d9PiRAJNM,Taylor Swift - Anti-Hero (feat. Bleachers),2457161,42
2026-04-26,M0Ku_op-LXI,Taylor Swift - All Too Well: The Short Film (Behind The Scenes),8035297,41
2026-04-26,egxyRSb_XtI,Taylor Swift - Carolina (From The Motion Picture “Where The Crawdads Sing” / Lyric Video),7793513,41
2026-04-26,RcGowZ26sE0,Taylor Swift - Forever & Always (Piano Version) (Taylor's Version) (Lyric Video),3175178,41
2026-04-26,KJXP13hqf2I,Taylor Swift - Fortnight (feat Post Malone) (BLOND:ISH Remix),3029052,39
2026-04-26,zz9YgUoisOA,"Rent on demand starting … you guessed it, December 13 🫶💋",4729403,39
2026-04-26,xB-RZqcoIgo,Taylor Swift - Cruel Summer (Live from Taylor Swift | The Eras Tour),5217929,39
2026-04-26,GBb8vC0DeXY,Taylor Swift - Cruel Summer (LP Giobbi Remix),1187231,39
2026-04-26,eaP1VswBF28,Taylor Swift - It’s Nice To Have A Friend (Official Audio),8398602,39
2026-04-26,erilCNjng-g,Taylor Swift - Wood (Visualizer),5384728,36
2026-04-26,ijjGqwdXa1c,"It’s me, Benjamin 🐱 joining the #TSAntiHeroChallenge brought to you by YouTube Shorts",53238553,36
2026-04-26,GZeza5xTeuM,Taylor Swift - …Ready for It? (BloodPop® Remix) (Audio),3936294,36
2026-04-26,AtDCWnV_Vzo,A fortnight making TTPD 🤍 Brought to you by YouTube Shorts #ForAFortnightChallenge,36364177,35
2026-04-26,0Xh9s_3uRO8,The Life of a Showgirl: The Shiny Bug Vinyl Collection is available now on my site for 48 hours❤️‍🔥,1443699,34
2026-04-26,okPrv0o_7GQ,Summer forecast: Cruel. 😎,6061766,33
2026-04-26,ZwlBxvnH-So,A fortnight since TTPD 🤍 brought to you by YouTube Shorts #ForAFortnightChallenge,32277439,32
2026-04-26,eocfbbyIUn8,Taylor Swift - Back To December,37836282,32
2026-04-26,MA0HQG9J9Yk,Taylor Swift - ME! (Live on The Graham Norton Show),5997425,31
2026-04-26,9BTFD_gX6qQ,She’s got 4️⃣ days left to rehearse for her big moment… 😂,3606393,30
2026-04-26,anqxTwGE_nQ,Taylor Swift - Lavender Haze (Acoustic Version),2166830,30
2026-04-26,gRo0ZtgB2io,All Too Well (Sad Girl Autumn Version) - Recorded at Long Pond Studios (Lyric Video),5698777,30
2026-04-26,vO6JqQpJboY,Taylor Swift - Innocent (Taylor's Version) (Lyric Video),4664898,29
2026-04-26,VN55tCajFYg,I Bet You Think About Me (Taylor's Version) (From The Vault) (Lyric Video),1423709,29
2026-04-26,0FZULHCZKBc,Pre order 1989 (Taylor’s Version) now on my site 🩵😎🩵,2687821,28
2026-04-26,cwFbq-70EwE,Taylor Swift - Tell Me Why (Taylor's Version) (Lyric Video),4241711,28
2026-04-26,K3jkKvnemws,Taylor Swift - Opalite (Skream Remix) (Visualizer),129109,27
2026-04-26,D3mJe28un4M,Taylor Swift - State Of Grace (Acoustic Version) (Taylor's Version) (Lyric Video),2275706,27
2026-04-26,fHjxp-rpUGw,Just 11 days until the final show of The Eras Tour is all yours ✨🎂,436605,26
2026-04-26,AlTfYj7q5gQ,Taylor Swift - I'm Only Me When I'm With You,42435886,26
2026-04-26,8AR1dKawCi8,Taylor Swift - Mean (Taylor's Version) (Lyric Video),6101854,25
2026-04-26,w04K8z_nfDI,"Fortnight (Behind the Scenes with Post Malone, Ethan Hawke & Josh Charles)",927715,24
2026-04-26,ilkvTXfv2TY,accidentally going clubbing with your parents is something everyone should try at least once,4612016,24
2026-04-26,9Wx2It8SbLs,"😺 Join my #TSAntiHeroChallenge and share your anti-heroic traits, brought to you by YouTube Shorts.",106521484,24
2026-04-26,Jo-8VaRU4ok,Mark your calendars! Meet the Midnights Manifest 📜,1865452,24
2026-04-26,LmXn6BU16e0,Taylor Swift - The Moment I Knew (Taylor's Version) (Lyric Video),6002658,24
2026-04-26,yj1_GJiJovg,"October 15, 2024",2214486,23
2026-04-26,xSWVPqnKcXQ,Taylor Swift - Today Was A Fairytale (Taylor's Version) (Lyric Video),4552853,23
2026-04-26,jwWR1cQTKyw,Taylor Swift - Change (Taylor's Version) (Lyric Video),4038249,23
2026-04-26,UNckfN9upqo,Taylor Swift - Girl At Home (Taylor's Version) (Lyric Video),3910074,22
2026-04-26,AIFnKqIeEdY,Taylor Swift - closure (Official Lyric Video),5684776,22
2026-04-26,yuFuwXd-B9E,Taylor Swift - Bye Bye Baby (Taylor’s Version) (From The Vault) (Lyric Video),3791635,21
2026-04-26,ePjcjLRHPOo,Taylor Swift - Come In With The Rain (Taylor's Version) (Lyric Video),2400070,21
2026-04-26,8hsVICl7d8k,Taylor Swift - Eyes Open (Lyric Version),18751040,21
2026-04-26,US0OipWyYro,"Thank you for making these reveals so much chaotic fun (which is the best kind of fun, after all 😜)",2117601,20
2026-04-26,trIjpVH8h88,"Taylor Swift - Beautiful Ghosts (From The Motion Picture ""Cats"" / Lyric Video)",8138640,20
2026-04-26,QBllgPHa8aQ,A message for the department 🤍#ForAFortnightChallenge coming soon to YouTube Shorts,1923598,19
2026-04-26,gcMn_Eu-XTE,Taylor Swift - We Are Never Ever Getting Back Together (Lyric Video),38703503,19
2026-04-26,uybMJ8cSWtA,Taylor Swift - Anti-Hero (Kungs Remix),1807337,18
2026-04-26,jQfB4Gahi3I,Taylor Swift - Sad Beautiful Tragic (Taylor's Version) (Lyric Video),5286052,18
2026-04-26,7yRXgL7SaV0,Album tonight. Fortnight music video tomorrow at 8pm et.,3327074,17
2026-04-26,IYqgVYjN3Go,Taylor Swift - When Emma Falls in Love (Taylor’s Version) (Lyric Video),4988649,17
2026-04-26,FTA4kzsTmxc,Taylor Swift and Jennifer Lopez: Jenny from the Block,13353521,17
2026-04-26,GhXsnvmUQrg,Entering the Phantom Clear TTPD vinyl into evidence. Available exclusively at Target now,2289736,16
2026-04-26,HqDZxtMIx0M,Meet me at midnight…for the Lavender Haze music video premiere (!!!!!!!!!!!!!),2441352,16
2026-04-26,seU5y5EgIwk,Taylor Swift - We Were Happy (Taylor’s Version) (From The Vault),2968817,16
2026-04-26,VCTze4UuC9g,✨ NOW PLAYING ✨ The “I Can Do It With A Broken Heart” Music Video 🤍,4963707,15
2026-04-26,YvyeAwoZ76w,It fills me with such pride & joy to announce that my version of Speak Now will be out July 7 💜💜💜,1420267,14
2026-04-26,lM1P2JwZ5jE,Total surprise 😉 Share yours with  #TSAntiHeroChallenge brought to you by YouTube Shorts.,79813365,14
2026-04-26,pCH19_8E4Hw,Taylor Swift - Lavender Haze (Behind The Scenes),2056718,13
2026-04-26,FeTHyZJvozc,Taylor Swift - Love Story (Elvira Remix) (Taylor’s Version) (Official Audio),3156342,13
2026-04-26,d_2WyBcFbFY,Taylor Swift - The Archer (Live From Paris),972177,13
2026-04-26,MBR2kxt7RK8,Taylor Swift - Delicate (Vertical Version),7787148,13
2026-04-26,Nx-5bHeC6xo,"""Sparks Fly"" (acoustic) Live on the RED Tour!",779938,13
2026-04-26,gQ0pP2z9niw,Taylor Swift - Red (Live from New York City),16165141,13
2026-04-26,DIMDgq_MYJs,Taylor Swift - ME! (Live From Paris),773280,12
2026-04-26,_zUCMfYkgj0,Taylor Swift - ME! (Live on The Voice / 2019) ft. Brendon Urie,13384571,12
2026-04-26,HIb_TlK2HAI,Taylor Swift reputation Stadium Tour | Official Trailer | Netflix,5806632,11
2026-04-26,vaRGgiGfsw4,✨🫶 My name is Taylor and I was born in 1989 🫶✨,3328161,10
2026-04-26,kO9PkyWTZNw,Taylor Swift - Love Story (Pop Mix / Audio),221636,10
2026-04-26,MUf1ili4Zew,ME! Behind The Scenes: The Story of Benjamin Button,7234521,10
2026-04-26,bs5SZOHowHI,Taylor Swift - Shake It Off Outtakes Video #6 - The Ribbon Dancers (Behind The Scenes Video),5008378,10
2026-04-26,ZZtamrXjB_w,Taylor Swift - Lavender Haze (Tensnake Remix),350569,9
2026-04-26,NbS4s_6jYTg,The Anti Hero (Roosevelt remix) makes me feel hyped enough for an imaginary funeral brawl,3641312,9
2026-04-26,Uxg-ivPGusQ,Taylor Swift - You Need To Calm Down (Live From Paris),640861,9
2026-04-26,SYd0pYqOJqA,You Need To Calm Down Behind The Scenes: Friends & Neighbors,2320374,9
2026-04-26,eQVhAN7-IAw,The Making of a Song: “Delicate” – watch more on Taylor Swift NOW,5120841,9
2026-04-26,kY-_D-IptZE,Taylor Swift - Shake It Off Outtakes Video #2 - The Ballerinas (Behind The Scenes Video),10491696,9
2026-04-26,RlDSGLHcZy0,The TTPD Timetable,1921052,8
2026-04-26,uhjx7FemU6o,"Hits Different really hits different, plus it’s got one of my fav bridges 😆 only avail at Target",4612255,8
2026-04-26,40RsbcFRwNA,Miss Americana | Official Trailer,8202153,8
2026-04-26,kGOmPmILndU,The reputation Secret Sessions,3457307,8
2026-04-26,_9RWI5JBew0,"Taylor Swift - Mine (Live, BBC Radio 2 Session)",1880617,8
2026-04-26,sViZJopFdYg,Taylor Swift - willow (dancing witch version) - [yule log],530345,7
2026-04-26,qybUgW7eoZQ,Taylor Swift - willow - [yule log],833806,7
2026-04-26,O2Irnn7F1PM,Taylor Swift - The Making Of Christmas Tree Farm,2798388,7
2026-04-26,iM_j8_AZJW4,"Official ""Look What You Made Me Do"" Video Teaser Clip",4955378,7
2026-04-26,R7wjyOQw7Zw,Instructional Video,712810,7
2026-04-26,PQTA-EVc5DI,Taylor Swift - Fortnight (feat. Post Malone) (Cults Remix),1466436,5
2026-04-26,hNHBVaFueYw,How To Be A Cat,1838823,5
2026-04-26,Ozk8xq0Lp1g,Taylor Swift - Christmas Tree Farm (Lyric Video),4648021,5
2026-04-26,np4Nw0tBun8,Look What You Made Me Do - Looks,2121210,5
2026-04-26,TXJlB9riS1Y,Taylor Swift - Out Of The Woods – The Making Of,8570566,5
2026-04-26,AoYtgGHfsG4,Taylor Swift Ice Bucket Challenge with Jamie King,665244,5
2026-04-26,zdYy6-P_ggQ,Taylor Swift - Shake It Off Outtakes Video #3 - The Modern Dancers (Behind The Scenes Video),5299769,5
2026-04-26,Zmv26eqduSg,Asia! (my February video blog),2543727,5
2026-04-26,U3yPyVFKGG8,New conference table.,1360224,5
2026-04-26,0jWoq3COzts,London!!!,823287,5
2026-04-26,b6zPqm0lLQs,Taylor Swift - I Can Do It With A Broken Heart (Dombresky Remix),1035621,4
2026-04-26,QIUWI7dfnC0,I Don't Wanna Live Forever (Fifty Shades Darker) BTS 1 - Zayn & Taylor [EXTENDED],6384482,4
2026-04-26,k2zfi4gLekU,"""All Too Well"" Song Preview from RED - Now Available",142145,4
2026-04-26,ve_o2kq4_jY,Thank you.,3565588,4
2026-04-26,pA1dPsnfams,:-),1089201,4
2026-04-26,YF6jaBeBMIk,December 12th on @DisneyPlus,1031163,3
2026-04-26,yJ_GML26Xk4,We’re the problem,3500872,3
2026-04-26,iTNZ-OzBoBo,Taylor Swift - willow (moonlit witch version) - [yule log],1006395,3
2026-04-26,o_CgCUINYmQ,Taylor Swift - Untouchable (Live From Clear Channel Stripped 2008 / Audio),14906,3
2026-04-26,s8h0tZy0HqA,"Taylor Swift - Shake It Off Outtakes Video #7 - The Band, The Fans and The Extras",6647423,3
2026-04-26,6wEVDvnqQOM,Behind the scenes of Taylor Swift's week at Staples Center,828640,3
2026-04-26,dgzN0Puq_hE,"""Everything Has Changed"" Song Preview from RED - Now Available",189483,3
2026-04-26,TGslPGte8Mw,"""Stay Stay Stay"" Song Preview from RED - Now Available",110714,3
2026-04-26,YszERgNNKnc,"""I Almost Do"" Song Preview from RED - Now Available",205748,3
2026-04-26,yBHlFJ9waVo,"""22"" Song Preview from RED - Now Available",201011,3
2026-04-26,VhFFAQuAUqo,Fairytale Adventures in Australia and Japan.,921042,3
2026-04-26,FMDVWSqALRs,Taylor Swift - Change (Live),136177,3
2026-04-26,V3QOzyS5M4Q,Being on tour. Everyone ignores me.,3140202,3
2026-04-26,-zymq4JgQ7E,Retainers.,3311164,3
2026-04-26,pPrdGE4w9ZM,All Too Well (10 Minute Version) (Taylor's Version) (From The Vault) (Karaoke),1722403,2
2026-04-26,opS9a1_PuWA,Taylor Swift - Love Story (Live From Clear Channel Stripped 2008 / Audio),29053,2
2026-04-26,RGJFqm1BnP4,Taylor Swift - Lover Remix Feat. Shawn Mendes (Snow Globe Lyric Video),2693634,2
2026-04-26,BxZi6jC2JAI,"Behind The Fragrance, Taylor Swift Incredible Things featuring Taylor Swift (Behind The Scenes)",517724,2
2026-04-26,y7CsaOF3S5c,Taylor Swift and Carly Simon: You're So Vain,1352430,2
2026-04-26,oo1CoPXIOuI,"""Sad Beautiful Tragic"" Song Preview from RED - Now Available",203378,2
2026-04-26,Rcex4Nw6Z9U,"""Holy Ground"" Song Preview from RED - Now Available",125189,2
2026-04-26,6OPPGOl7ctE,Win A Taylor Swift Performance on Your Campus!,347338,2
2026-04-26,FvodYNcH13Q,Meredith learns about ACM voting...,1957980,2
2026-04-26,w7p_BCIX-rw,A Hug From Taylor Swift - The Final Challenge,561288,2
2026-04-26,8w4A1vVaNmE,"Whisper hello, I miss you quite terribly.",5698574,2
2026-04-26,MHDjff07l0I,Thanksgiving break and The Academy Is...,661611,2
2026-04-26,rJVYkPjQf9s,Rascal Flatt's tour and Grey's Anatomy,366575,2
2026-04-26,1qwxqyac0Z8,Taylor Swift - The Archer First Ever Live Performance,427308,1
2026-04-26,PWdT2ONbJbc,Taylor Swift - Livestream Announcement (8/22/19 @ 5pm EST),13838287,1
2026-04-26,dwdtzwua2pY,"Taylor Swift, ZAYN - I Don’t Wanna Live Forever (Fifty Shades Darker) BTS 4 – Glitter Lip [EXTENDED]",3154242,1
2026-04-26,j3yyF31jbKo,Taylor Swift's Gift Giving of 2014 | SWIFTMAS,20149773,1
2026-04-26,JggOSZFlk0U,Taylor Swift's The 1989 World Tour,728746,1
2026-04-26,M-M5SW8QvmY,"Taylor Swift Talks About ""Out Of The Woods""",1415940,1
2026-04-26,DJXfSaOJXOQ,Taylor Swift RED Tour Nashville Week,968282,1
2026-04-26,LGA54hn8uwU,Taylor By Taylor Swift commercial: sneak peek,350473,1
2026-04-26,3H21433WdtU,"""Holy Ground"" Live on the RED Tour!",362187,1
2026-04-26,sIjKXPXjVxU,"""I Knew You Were Trouble."" Behind-The-Scenes #2",441356,1
2026-04-26,qbx_wdqaeV0,"""Starlight"" Song Preview from RED - Now Available",185969,1
2026-04-26,75NpXm04S1I,"""The Lucky One"" Song Preview from RED - Now Available",213238,1
2026-04-26,YcuEHj-Nr58,"Taylor Swift - #VEVOCertified, Pt. 2: Taylor On Making Music Videos",782332,1
2026-04-26,YoJj-5nAGpM,Taylor Swift's RED Tour Announcement!,530867,1
2026-04-26,TfjfzDIAIGE,"""The Last Time"" Song Preview from RED - Now Available",81602,1
2026-04-26,1vj3YhYrULo,Wonderstruck Enchanted Taylor Swift Chapter 3,575995,1
2026-04-26,P6gFma4H7fA,Taylor Swift Web Chat and G+ Hangout,2036856,1
2026-04-26,O0Mnebw_TJc,Speak Now World Tour Live CD/DVD - Available Now!,254256,1
2026-04-26,woiScNulLyE,Wonderstruck Taylor Swift Chapter 1,1698192,1
2026-04-26,-CICulOcBQE,Taylor Swift WONDERSTRUCK Teaser,1208941,1
2026-04-26,ZMt6TFO0zn4,Taylor Swift CoverGirl NatureLuxe,977696,1
2026-04-26,m_4CSbzwPtE,"Taylor And ""Friends""",1049995,1
2026-04-26,p-5R0u3iTiE,TRL Recap!,823888,1
2026-04-26,x_uxpBJQqCA,Opalite Official Music Video Extended Versions Part 1 & 2 out now at TaylorSwift.com ✨,611999,0
2026-04-26,dSSqCoCiQVs,"The End of an Era"", a 6-episode docuseries, streams on @Disneyplus beginning Dec 12 🫶",469032,0
2026-04-26,fxeEYfVDaJI,"The official music video for “The Fate of Ophelia” is available now, only on YouTube ❤️‍🔥",630764,0
2026-04-26,RId6LV1wtQY,Taylor Swift - Ruin the Friendship (Visualizer),5531360,0
2026-04-26,V9ED1fR21U0,The Life of a Showgirl: The Crowd is Your King Edition only at Target,1039545,0
2026-04-26,P0haCYjysUs,Anti-Hero (Behind The Scenes with The Ghosts In The Room),1455491,0
2026-04-26,PQp643val70,cardigan (behind the scenes - forest & ocean),908285,0
2026-04-26,-ddfFsLHNQs,"Anti-Hero (Behind the Scenes with Mike Birbiglia, John Early & Mary Elizabeth Ellis)",687256,0
2026-04-26,0GeyBM6NS5s,Bejeweled (Behind the Scenes with Dita Von Teese),2108988,0
2026-04-26,UAtpbCEsJlA,"Bejeweled (Behind the Scenes with Jack Antonoff, HAIM & Pat McGrath)",745221,0
2026-04-26,K-8dOw7yuPo,Bejeweled (Behind the Scenes with Laura Dern),721171,0
2026-04-26,AFzzgQ7uCw4,"I Can See You (From The Vault) (Behind the Scenes with Joey King, Taylor Lautner & Presley Cash)",763076,0
2026-04-26,ZwK7hrDC5UM,Karma (feat. Ice Spice) (Behind the Scenes),874513,0
2026-04-26,6HIA7ouBfGY,Taylor Swift - I Look in People's Windows (Official Lyric Video),4094642,0
2026-04-26,Hoi-PI8QpTU,Taylor Swift ft. Ice Spice - Karma (Official Visualizer),5392699,0
2026-04-26,kE31ShDEOwg,Taylor Swift - Lavender Haze (Snakehips Remix),919350,0
2026-04-26,nfFujEdM0_E,Taylor Swift - Lavender Haze (Jungle Remix),286708,0
2026-04-26,6DdAzVDVBpw,Taylor Swift - Lavender Haze (Felix Jaehn Remix),810157,0
2026-04-26,nF4Jc9sPPug,Taylor Swift - Anti-Hero (ILLENIUM Remix),2013285,0
2026-04-26,eSLO-HpSWD0,Taylor Swift - Anti-Hero (Roosevelt Remix),752077,0
2026-04-26,Cd3v_pRgOp8,Taylor Swift - Anti-Hero (Jayda G Remix),740085,0
2026-04-26,3Q94kA7llGw,Taylor Swift - Carolina (From The Motion Picture “Where The Crawdads Sing” / Audio),4536289,0
2026-04-26,mCWRjuhRRYg,Taylor Swift - Message In A Bottle (Fat Max G Remix) (Taylor’s Version) (Visualizer),4140558,0
2026-04-26,UDzPTerKZn8,Taylor Swift - All Too Well (Taylor's Version) (Karaoke),788973,0
2026-04-26,4LtQxA_ooLk,Taylor Swift - The Lucky One (Taylor's Version) (Lyric Video),4890236,0
2026-04-26,t0Yf43ONyNo,All Too Well (The Short Film) | Official Trailer,1766134,0
2026-04-26,y8tF0yRl8-w,taylor swift - the lakes (original version) [audio],4001984,0
2026-04-26,IsCik8wznlU,Taylor Swift - Superstar (Taylor's Version) (Lyric Video),2562797,0
2026-04-26,XKaMUm7YwZc,Taylor Swift ft. Maren Morris - You All Over Me (From The Vault) (Official Lyric Video),9968415,0
2026-04-26,H9rBt-8jiBE,Taylor Swift - willow (lonely witch version) - [yule log],744162,0
2026-04-26,7XLW5CvDQ7E,Taylor Swift - willow (moonlit witch version),1667325,0
2026-04-26,3CUM7Z3TSmY,Taylor Swift - willow (dancing witch version) - storyboards from the willow music video,1208514,0
2026-04-26,CYHt7_RANiY,Taylor Swift - willow (lonely witch version) - music video behind the scenes,2796465,0
2026-04-26,qAGef4MdPdE,Taylor Swift - willow - dancing witch version (Elvira remix),1956555,0
2026-04-26,jgdFUoZzCI0,Taylor Swift – folklore: the long pond studio sessions | Official Trailer | Disney+,1574872,0
2026-04-26,GPQdWYNi8Wc,Taylor Swift - The Making of 'cardigan' | Vevo Footnotes,3060875,0
2026-04-26,i50QUXDeC80,Taylor Swift - cardigan (cabin in candlelight version / Visualizer),4706391,0
2026-04-26,rqsmrSyLTNM,Taylor Swift - Death By A Thousand Cuts (Live From Paris),4496981,0
2026-04-26,a4iTHPwioEc,Taylor Swift - Lover (Live From Paris),1213925,0
2026-04-26,Tj6qU4dlKeA,Taylor Swift - Fearless (Live From Clear Channel Stripped 2008 / Audio),42573,0
2026-04-26,kX6h4gDYLzM,Taylor Swift - Picture To Burn (Live From Clear Channel Stripped 2008 / Audio),6661,0
2026-04-26,QDiyzUSx288,Taylor Swift - Change (Live From Clear Channel Stripped 2008 / Audio),6664,0
2026-04-26,FydBi2b_eoA,Taylor Swift - Should've Said No (Live From Clear Channel Stripped 2008 / Audio),8360,0
2026-04-26,2SXLyqKAFYU,Taylor Swift - Beautiful Eyes (Live From Clear Channel Stripped 2008 / Audio),13604,0
2026-04-26,1-oRawNFmk4,Taylor Swift - Teardrops On My Guitar (Live From Clear Channel Stripped 2008 / Audio),7677,0
2026-04-26,wFcFQP8XKuY,Taylor Swift - Love Story (Digital Dog Remix / Audio),190300,0
2026-04-26,_4AaNBf9nkU,Taylor Swift - You're Not Sorry (CSI Remix / Audio),48942,0
2026-04-26,IQL1vIP9sos,Taylor Swift - The Man (Behind The Scenes: The Umpire),893160,0
2026-04-26,mxtUnuldKgc,Taylor Swift - The Man (Behind The Scenes: Directing),2204854,0
2026-04-26,a5gXfaAFPOM,Taylor Swift - The Man (Becoming The Man: Behind The Scenes),4326255,0
2026-04-26,GJU-S1t2r1M,Taylor Swift - Only The Young (Featured in Miss Americana / Lyric Video),14517029,0
2026-04-26,AbKi_WHS9WA,Taylor Swift - Last Christmas (Audio),78203,0
2026-04-26,I2LBLztkeDc,Taylor Swift - Christmases When You Were Mine (Audio),7909,0
2026-04-26,ZU4o7vvrrPI,Taylor Swift - Santa Baby (Audio),470826,0
2026-04-26,k4lGZmwk0O0,Taylor Swift - Silent Night (Audio),6670,0
2026-04-26,cMXyjbxuxYQ,Taylor Swift - White Christmas (Audio),7665,0
2026-04-26,QS-jLu3AOtU,Taylor Swift - Christmas Must Be Something More (Audio),8395,0
2026-04-26,KmT4Y8w1nho,Taylor Swift - Lover (First Dance Remix),4367311,0
2026-04-26,dmipFjOtMA8,"Taylor Swift - ""Lover"" (Live on Saturday Night Live / 2019)",4963423,0
2026-04-26,hKcEdTPOGGw,Lover Album Photoshoot: Behind The Scenes,2500981,0
2026-04-26,pHoHDNxay3A,Taylor Swift - The Man (Official Audio),24375499,0
2026-04-26,tMoW5G5LU08,Taylor Swift - Soon You’ll Get Better (Official Audio) ft. The Chicks,10712242,0
2026-04-26,gRIWxlehJVg,"Taylor’s Diary -  Discusses Getting Her First Cat Meredith Grey, Tour and Middle School",122096,0
2026-04-26,iyYhqYELWtA,Taylor Swift Answers Questions From Fans From Lover’s Lounge Live,315973,0
2026-04-26,UY3UfH-ittk,Taylor’s Diary - My 13 Year Old Self (Exclusive Reading from Deluxe Edition Lover Album),269508,0
2026-04-26,dDO6HnY7h24,Taylor Swift - Lover's Lounge (Live),16380392,0
2026-04-26,s4MN_hGvTCA,You Need To Calm Down Behind The Scenes: Morning Routine,3530543,0
2026-04-26,6MLzSp0OJL0,You Need To Calm Down Behind The Scenes: Pop Queen Pageant,3235417,0
2026-04-26,lj2mZ8zDToY,ME! Behind The Scenes: Je Suis Calme,5290065,0
2026-04-26,aoYhTov8jsY,Taylor Swift reputation Stadium Tour - Official Merch,518220,0
2026-04-26,RMW3fAructY,Taylor Swift reputation Stadium Tour // Trailer 2,435617,0
2026-04-26,zGSneb3McDo,Delicate Music Video Dance Rehearsal Part 2,2449577,0
2026-04-26,sEr7bAtZ8rY,Delicate Music Video Dance Rehearsal Part 1,9075033,0
2026-04-26,VA7Y_Psp5l4,End Game - Behind The Scenes,2443931,0
2026-04-26,MvIwx0JThsk,"Taylor Swift, BloodPop® - ...Ready For It?",10023434,0
2026-04-26,66kn6Dcr12E,Taylor Swift's reputation Stadium Tour - Trailer,566757,0
2026-04-26,oWVYzCPs3nE,TaylorSwiftVEVO Live Stream,0,0
2026-04-26,GU5_g8Tmiv8,...Ready For It? Trailer,3785585,0
2026-04-26,71QPEkD9PhM,Look What You Made Me Do - Stream Co.,891609,0
2026-04-26,e7HLU5-0VU4,Taylor Swift Live Stream,0,0
2026-04-26,jJeK0p1LanY,Look What You Made Me Do - The Birdcage,823202,0
2026-04-26,BKCmxyohzww,Look What You Made Me Do - Zombie Transformation,7451413,0
2026-04-26,XF_ARz7jTUw,Look What You Made Me Do: Taylor Mountain,8265779,0
2026-04-26,J37Pitvp7RI,"Rehearsing ""I Don't Wanna Live Forever (Fifty Shades Darker)"" for DIRECTV NOW Super Saturday Night",1177844,0
2026-04-26,fJBFvNiJ4Kw,"First time hearing ""I Don't Wanna Live Forever (Fifty Shades Darker)"" on the radio",2948340,0
2026-04-26,OsJ5RyWpY5w,I Don't Wanna Live Forever (Fifty Shades Darker) BTS 2 - Key Light? [EXTENDED],971668,0
2026-04-26,bKBJhghRfEk,#STYLEmemories One,258021,0
2026-04-26,cM2CXMcG5w8,#STYLEmemories Two,249330,0
2026-04-26,81doBkpkdJQ,"Preview ""Welcome To New York"" by Taylor Swift",2140339,0
2026-04-26,xVKTOX3vMKM,"Taylor Swift talks about ""Welcome to New York""",642277,0
2026-04-26,EKnl7STzSMU,"1989 Secret Sessions, Behind The Scenes!",3819150,0
2026-04-26,DqZOcABIgTk,Taylor Swift - Shake It Off Outtakes Video #8 - The Director,10962051,0
2026-04-26,70Ps-GzbSfw,Shake It Off Outtakes Video #5 - The Twerkers and Finger Tutting (Behind-The-Scenes Video),8057747,0
2026-04-26,vMWpIfxvnWo,Taylor Swift - Shake It Off Outtakes Video #4 - The Animators (Behind The Scenes Video),6304835,0
2026-04-26,1D5E5KLkfsI,Taylor Swift's Worldwide Live Stream on Yahoo - Highlights,428099,0
2026-04-26,J1LMp-jEH_k,Surprising Gena,3588773,0
2026-04-26,UfRqjF_8IqQ,Taylor Swift RED Tour Asia announcement,276564,0
2026-04-26,kpzwfS5x068,Taylor Swift Fragrances Made Of Starlight Musical Edition,506695,0
2026-04-26,SvEbXNgvXWY,Taylor Swift RED Tour London announcement,211026,0
2026-04-26,Ac7wMLgLtpY,Taylor Swift on Style: Outtakes,192856,0
2026-04-26,41Zxe-tqjoE,Taylor Swift on Style: Part 4,116180,0
2026-04-26,y9yIBAmBDtk,Taylor Swift on Style: Part 3,128585,0
2026-04-26,EuT6nQvdcpo,"Q&A with Taylor on Taylor By Taylor Swift, the fragrance",248405,0
2026-04-26,C2giKOnk588,#HiFromTaylor Teaser,154013,0
2026-04-26,xmauy4h3rPg,Welcome to the Official Taylor Swift YouTube Channel!,107036,0
2026-04-26,YUSPwqd4674,Taylor by Taylor Swift Fragrance Video Part 1,655180,0
2026-04-26,YfPfgZjhH1w,Britain's Got Talent performance: Everything Has Changed,2986829,0
2026-04-26,1hdDXzS63SY,Taylor Swift - Billboard Milestone Award,109664,0
2026-04-26,JgkCFCOAn48,The RED Tour Australia/New Zealand Announcement!,240943,0
2026-04-26,GDdVOpZkqRI,Vote Taylor Swift ACM Entertainer of the Year: VoteACM.com,129947,0
2026-04-26,NZnRUnOQZWU,"""Red"" Guitar Solo from RED Tour Opening Night",489272,0
2026-04-26,ueZmiOaDDlU,What Fans Can Expect on the RED Tour,175378,0
2026-04-26,rghH6QlT5a0,"""I Knew You Were Trouble."" Behind-The-Scenes #1",963470,0
2026-04-26,jinbX0hwYOo,"""I Knew You Were Trouble."" Behind-The-Scenes #3",424855,0
2026-04-26,LyoTb3fxEnU,Some extraordinary news...,1180657,0
2026-04-26,OZJdxFEdjSU,VH1 StoryTellers - Taylor Swift - Nov 11 @ 11/10c,201866,0
2026-04-26,BktS1hkMx_k,Taylor Swift - We Are Never Ever Getting Back Together (Live from New York City),13730704,0
2026-04-26,RQuY8kERaU0,Taylor Swift - Mean (Live from New York City),6249983,0
2026-04-26,cQ5tlnGg4wc,Taylor Swift - Begin Again (Live from New York City),4573315,0
2026-04-26,5FODVFJZlTg,"Taylor Swift - #VevoCertified, Pt. 5: You Belong With Me (Taylor Commentary)",1809447,0
2026-04-26,Eo2D8Ez3WAo,"Taylor Swift - #VevoCertified, Pt. 4: Taylor Superfans aka Swifties",653341,0
2026-04-26,FNWq-pr5ON8,"Taylor Swift - #VevoCertified, Pt. 6: Mine (Taylor Commentary)",853496,0
2026-04-26,XdalCja4TK8,"Taylor Swift - #VEVOCertified, Pt. 7: Love Story (Taylor Commentary)",1082374,0
2026-04-26,ehLp0cjqkRk,"Taylor Swift - #VEVOCertified, Pt. 3: Taylor Talks About Her Fans",811162,0
2026-04-26,sWgxCBXn2Y0,"Taylor Swift - #VevoCertified, Pt. 1: Award Presentation",3552150,0
2026-04-26,KNKa1to1v6o,"""Treacherous"" Song Preview from RED - Now Available",188293,0
2026-04-26,I4TIvOCa3t8,Taylor Swift Live Webcast on YouTube - 8/13 @ 7pm ET,1022816,0
2026-04-26,weQBrpLffrA,Taylor Swift Billboard Woman of the Year,1009280,0
2026-04-26,tBEFMmkgu7s,My new favorite thing ... thank you!,1201361,0
2026-04-26,dLfkQNnzh2o,Safe & Sound (The Hunger Games: Songs From District 12 And Beyond - The Collaboration),2459081,0
2026-04-26,xDJLsPd6NdY,Taylor Swift - Safe & Sound (Behind The Scenes) ft. The Civil Wars,1501203,0
2026-04-26,IdMI-HCO5QY,"""Ours"" Behind-the-Scenes - The Office",289157,0
2026-04-26,QvNW_z1Y7Ls,"""Ours"" Behind-the-Scenes - That's a Wrap",170835,0
2026-04-26,wIvJI6mF1ME,"""Ours"" Behind-the-Scenes - Working with Taylor",168025,0
2026-04-26,yHqjZUxaigo,"""Ours"" Behind-the-Scenes - Message of Ours",271714,0
2026-04-26,7D6-_twz7YE,"""Ours"" Behind-the-Scenes - The Inspiration",120573,0
2026-04-26,0Ot5C6O-KfA,"""Ours"" Behind-the-Scenes - Director Casting",104002,0
2026-04-26,HsLl-IL9c7E,"""Ours"" Behind-the-Scenes - Home Movies",139620,0
2026-04-26,gPJ8PFeq9Xw,"""Ours"" Behind-the-Scenes - Taylor's Look",200088,0
2026-04-26,Y89k5sfHBaw,"""Ours"" Behind-the-Scenes - Locations",101207,0
2026-04-26,h6CRgcouLuU,"""Ours"" Behind-the-Scenes - Zach",187044,0
2026-04-26,_zyYtE9di9A,"""Ours"" Behind-the-Scenes - ""The Story of the Video""",134123,0
2026-04-26,AtHsg4USz8g,"""Ours"" Behind-the-Scenes - The Director",166036,0
2026-04-26,beGv3NTnduo,"""Ours"" Behind-the-Scenes - We're Making a Video",156883,0
2026-04-26,lZNJnOrwDTQ,"Taylor Talks Hugging Fans - 60 Minutes, Sunday Nov 21 @ 7/6c CBS",200012,0
2026-04-26,GSvyRVw366k,Taylor Swift on 60 Minutes - Nov 20 @ 7/6c CBS,305451,0
2026-04-26,xIoApJgIw8U,Taylor Swift WONDERSTRUCK In-Store Appearances,278101,0
2026-04-26,KFoOCZeKgzQ,Speak Now World Tour Live CD+DVD,277394,0
2026-04-26,urcHObkMCBE,Taylor Swift's Wonderstruck Fragrance,392676,0
2026-04-26,OOPFMrF7v4Q,YouTube Presents Taylor Swift,2518246,0
2026-04-26,z___7lkxS0I,YouTube Presents Taylor Swift Q&A,328529,0
2026-04-26,9wXlz0f-2Zo,"Taylor Swift Speak Now Fan Video : Stockhold, Sweden",213784,0
2026-04-26,CpwF5fw6dE0,"Taylor Swift Speak Now Fan Video : Ajalvir (Madrid), Spain",97827,0
2026-04-26,fTFcFeQOeLo,"Taylor Swift Speak Now Fan Video : San Diego, CA",118652,0
2026-04-26,dlBQSxDuy2I,"Taylor Swift Speak Now Fan Video : Omaha, NE",57028,0
2026-04-26,rx86WwyoI7g,"Taylor Swift Speak Now Fan Video : Hampton, NJ",116759,0
2026-04-26,-0uRcwk818Y,"Taylor Swift Speak Now Fan Video : Nashville, TN",410915,0
2026-04-26,KWPrDngWZSQ,"Taylor Swift Speak Now Fan Video : Minneapolis, MN",56976,0
2026-04-26,91EDAPQLsXc,"Taylor Swift Speak Now Fan Video : Chicago, IL",120123,0
2026-04-26,LSjPFdoeDD8,"Taylor Swift Speak Now Fan Video : Oranga, NSW, Australia",97885,0
2026-04-26,jkin5pRLrQg,Taylor Swift Speak Now Fan Videos : Shot on a Bloggie,57585,0
2026-04-26,5jKcG86bNRs,Speak Now Deluxe Edition - Only at Target,1696134,0
2026-04-26,QQVHNOxYv5E,Taylor Swift's 'Journey to Fearless' on The Hub,403626,0
2026-04-26,IgZY0frgysw,Demonstrating my fine athletic skills. And more.,5859046,0
2026-04-26,uhHMWLjL77U,Taylor Swift Sony TX7 Cyber-shot Camera Commercial,1558919,0
2026-04-26,PVtlDvh74H8,A Hug From Taylor Swift - Challenge #3,1015492,0
2026-04-26,37Pc4cjk9pY,Vote Taylor: ACM Entertainer of the Year,344083,0
2026-04-26,Uo6HuSCBZu4,A Hug From Taylor Swift - Challenge #2,1059811,0
2026-04-26,mxBSpHji2oo,A Hug From Taylor Swift - Challenge #1,887992,0
2026-04-26,wzLhAZn_JMk,Behind-the-scenes in BAND HERO with Taylor!,940950,0
2026-04-26,GVKuFZhB1e8,Taylor Swift In Band Hero,662012,0
2026-04-26,SnN7kIqDgz0,Watching the CMA Announcements!,978134,0
2026-04-26,x2hRdQnbzKQ,Your world is my world.,1149930,0
2026-04-26,Y3eRmLTN7FQ,Surprise! Taylor Wins 2 Teen Choice Awards!,448208,0
2026-04-26,G2rSQF5Qx7k,FEARLESS Tour 2009,1062024,0
2026-04-26,M134RqAbiwY,I hope it's gonna make you notice.,2907599,0
2026-04-26,qvcSth8LvEw,1 with a bullet.,821124,0
2026-04-26,45KfDAgw_Is,November 11th.,717764,0
2026-04-26,RLmmqQNEM_I,You change your mind like a girl changes clothes.,1529690,0
2026-04-26,DjABPXfE4Fs,Philadelphia :),529381,0
2026-04-26,bkADPxWSeak,Behind The Scenes @ CMA Music Festival,320793,0
2026-04-26,Ivz6lNNAYaE,MySpace Presents: The Fit Featuring Taylor Swift,698424,0
2026-04-26,1G1ES1y6AyI,My band has bad private plane manners.,871226,0
2026-04-26,Mi-FBBqUuJE,First fans with my CMT Award.,381033,0
2026-04-26,C7I3_yFQYkc,Wannabe,1354335,0
2026-04-26,v9bxXO9fj98,Should've Said No,8117275,0
2026-04-26,LkkY2iaylmI,Wonderstruck Taylor Swift Chapter 2,959148,-1
